taxlevel,taxid,taxa,W134-25PVC-3-17_kraken2_bracken_classes.report,W133-25PVC-2-17_kraken2_bracken_classes.report,W132-25PVC-1-17_kraken2_bracken_classes.report,W131-25PET-3-17_kraken2_bracken_classes.report,W130-25PET-2-17_kraken2_bracken_classes.report,W129-25PET-1-17_kraken2_bracken_classes.report,W128-25PE0.6-3-17_kraken2_bracken_classes.report,W127-25PE0.6-2-17_kraken2_bracken_classes.report,W126-25PE0.6-1-17_kraken2_bracken_classes.report,W125-25S-3-17_kraken2_bracken_classes.report,W124-25S-2-17_kraken2_bracken_classes.report,W123-25S-1-17_kraken2_bracken_classes.report,Q66-25S-3-0_kraken2_bracken_classes.report,Q65-25S-2-0_kraken2_bracken_classes.report,Q64-25S-1-0_kraken2_bracken_classes.report,Q63-25PVC-3-11_kraken2_bracken_classes.report,Q62-25PVC-2-11_kraken2_bracken_classes.report,Q61-25PVC-1-11_kraken2_bracken_classes.report,Q60-25PET-3-11_kraken2_bracken_classes.report,Q59-25PET-2-11_kraken2_bracken_classes.report,Q58-25PET-1-11_kraken2_bracken_classes.report,Q57-25PE0.6-3-11_kraken2_bracken_classes.report,Q56-25PE0.6-2-11_kraken2_bracken_classes.report,Q55-25PE0.6-1-11_kraken2_bracken_classes.report,Q54-25S-3-11_kraken2_bracken_classes.report,Q53-25S-2-11_kraken2_bracken_classes.report,Q52-25S-1-11_kraken2_bracken_classes.report,Q51-25PVC-3-3_kraken2_bracken_classes.report,Q50-25PVC-2-3_kraken2_bracken_classes.report,Q49-25PVC-1-3_kraken2_bracken_classes.report,Q48-25PET-3-3_kraken2_bracken_classes.report,Q47-25PET-2-3_kraken2_bracken_classes.report,Q46-25PET-1-3_kraken2_bracken_classes.report,Q45-25PE0.6-3-3_kraken2_bracken_classes.report,Q44-25PE0.6-2-3_kraken2_bracken_classes.report,Q43-25PE0.6-1-3_kraken2_bracken_classes.report,Q42-25S-3-3_kraken2_bracken_classes.report,Q41-25S-2-3_kraken2_bracken_classes.report,Q40-25S-1-3_kraken2_bracken_classes.report,Q34-25PE0.1-2-11_kraken2_bracken_classes.report,Q33-25PE0.1-1-11_kraken2_bracken_classes.report,Q32-25PE0.1-2-3_kraken2_bracken_classes.report,Q31-25PE0.1-1-3_kraken2_bracken_classes.report
R,1,root,6651427.0,6563396.0,6366593.0,6189268.0,5290550.0,5573029.0,6434059.0,5799995.0,5608150.0,4799852.0,4265630.0,4351777.0,4416293.0,3779677.0,3854299.0,9520274.0,9067462.0,9360822.0,7220686.0,6037372.0,6952359.0,7907670.0,6592202.0,6904868.0,5678467.0,6225560.0,6300629.0,10398676.0,11591648.0,10280933.0,7220932.0,7420327.0,7140420.0,7153379.0,6705510.0,6141919.0,5930025.0,5844435.0,5778529.0,6860084.0,7010593.0,8252959.0,7157339.0
R2,2,    Bacteria,6604036.0,6505771.0,6310413.0,6121017.0,5227681.0,5508834.0,6351614.0,5740390.0,5558660.0,4737659.0,4207625.0,4294524.0,4320007.0,3694742.0,3766605.0,9484267.0,9033562.0,9325604.0,7167767.0,5998463.0,6908846.0,7855968.0,6549166.0,6863448.0,5631070.0,6172043.0,6254119.0,10355070.0,11544030.0,10225550.0,7168211.0,7377275.0,7088580.0,7099611.0,6651606.0,6093071.0,5870498.0,5786945.0,5718395.0,6814739.0,6960391.0,8203474.0,7097024.0
P,976,            Bacteroidota,107530.0,121444.0,138818.0,155297.0,146724.0,147706.0,91298.0,90051.0,127213.0,118345.0,90568.0,94582.0,138607.0,111060.0,105058.0,132034.0,166101.0,160944.0,185641.0,179734.0,231158.0,119173.0,99520.0,129478.0,85819.0,95680.0,114075.0,1096697.0,1425287.0,1121250.0,510569.0,433428.0,302243.0,215474.0,193536.0,140791.0,116130.0,115213.0,107083.0,101834.0,96392.0,391554.0,284793.0
P,1090,            Chlorobiota,28.0,20.0,19.0,30.0,35.0,21.0,52.0,41.0,25.0,55.0,24.0,26.0,68.0,52.0,77.0,9.0,8.0,8.0,14.0,20.0,17.0,10.0,5.0,8.0,8.0,20.0,9.0,13.0,13.0,25.0,27.0,16.0,6.0,28.0,19.0,13.0,46.0,34.0,21.0,14.0,28.0,25.0,34.0
P,1117,          Cyanobacteriota,5745.0,5567.0,7328.0,9318.0,10647.0,11247.0,10215.0,11125.0,11511.0,14687.0,12120.0,12182.0,28249.0,25376.0,25778.0,5488.0,5604.0,5632.0,9169.0,8740.0,9814.0,11367.0,9360.0,9600.0,10724.0,11771.0,11372.0,6167.0,6685.0,7897.0,8990.0,8317.0,10178.0,10499.0,11017.0,9248.0,11435.0,11300.0,11516.0,9145.0,9416.0,9999.0,9754.0
P,1224,        Pseudomonadota,5871109.0,5653619.0,5431504.0,5486594.0,4690026.0,4951271.0,5636470.0,5181152.0,5091227.0,4174645.0,3702220.0,3765313.0,3351635.0,2895902.0,2992131.0,8485584.0,8183832.0,8310039.0,6550351.0,5515106.0,6417685.0,7371871.0,6170623.0,6493527.0,5246286.0,5738211.0,5831577.0,7433615.0,8221199.0,7405444.0,6126063.0,6580473.0,6387144.0,6458177.0,6074684.0,5586571.0,5344812.0,5276339.0,5210976.0,6345624.0,6450595.0,7277551.0,6251846.0
C,1236,          Gammaproteobacteria,1112378.0,1132982.0,1076866.0,655375.0,466047.0,482161.0,465490.0,363306.0,305688.0,258362.0,260958.0,289627.0,462145.0,516475.0,417073.0,3062544.0,2603856.0,2672865.0,763866.0,721038.0,739906.0,671329.0,565414.0,560734.0,363958.0,398063.0,419146.0,4155673.0,4450219.0,3740105.0,738133.0,736600.0,652025.0,740739.0,623404.0,554941.0,484280.0,478180.0,470312.0,539214.0,577761.0,771308.0,714786.0
P,1239,        Bacillota,58646.0,54541.0,53116.0,11065.0,9888.0,10112.0,25206.0,17074.0,18223.0,36222.0,24199.0,29504.0,106228.0,76816.0,84170.0,124382.0,91215.0,69486.0,13524.0,11778.0,11276.0,13335.0,13177.0,10947.0,15946.0,25553.0,15901.0,321006.0,319121.0,158559.0,21506.0,9780.0,14971.0,13476.0,13126.0,18584.0,15782.0,15770.0,16411.0,16977.0,18502.0,18558.0,16136.0
P,1297,        Deinococcota,14177.0,16641.0,13976.0,810.0,411.0,404.0,746.0,504.0,429.0,430.0,351.0,353.0,1895.0,1205.0,1261.0,11837.0,10953.0,11433.0,1363.0,535.0,331.0,669.0,435.0,359.0,433.0,293.0,267.0,12944.0,12756.0,13801.0,2951.0,1550.0,1039.0,1180.0,750.0,691.0,527.0,474.0,402.0,1395.0,1195.0,2940.0,2778.0
C,1760,          Actinomycetes,484606.0,573604.0,589567.0,358036.0,270580.0,282344.0,427208.0,321852.0,224132.0,275967.0,262280.0,276390.0,491871.0,414690.0,386497.0,677588.0,531085.0,714256.0,333012.0,218139.0,181955.0,254633.0,187834.0,162131.0,194152.0,209231.0,201017.0,1430371.0,1501369.0,1444312.0,412702.0,285572.0,291822.0,313558.0,272570.0,257812.0,278276.0,267780.0,264335.0,263483.0,293751.0,433237.0,426150.0
R2,2157,    Archaea,3432.0,5527.0,5332.0,6752.0,9800.0,9173.0,10168.0,8585.0,5774.0,6829.0,7427.0,7257.0,5907.0,5431.0,5978.0,1131.0,907.0,1079.0,2603.0,2696.0,1337.0,3386.0,2354.0,1723.0,2712.0,3529.0,2106.0,1584.0,1914.0,2553.0,3022.0,1246.0,2198.0,2242.0,2829.0,1618.0,2704.0,2671.0,2716.0,2336.0,3429.0,1758.0,3353.0
R3,2323,      Bacteria incertae sedis,,,2.0,6.0,10.0,6.0,2.0,2.0,,,5.0,,45.0,21.0,19.0,2.0,,,,,,3.0,,,6.0,2.0,4.0,9.0,14.0,10.0,5.0,,,11.0,,,5.0,2.0,10.0,,,2.0,8.0
R2,2759,    Eukaryota,43948.0,52093.0,50841.0,61488.0,53052.0,55005.0,72259.0,51010.0,43672.0,55304.0,50569.0,49963.0,90254.0,79427.0,81617.0,34838.0,32969.0,34123.0,50295.0,36198.0,42147.0,48298.0,40641.0,39659.0,44641.0,49960.0,44379.0,41960.0,45641.0,52782.0,49609.0,41775.0,49590.0,51469.0,51016.0,47190.0,56755.0,54769.0,57374.0,42963.0,46749.0,47653.0,56872.0
P,2836,            Bacillariophyta,24.0,11.0,20.0,5.0,8.0,15.0,2.0,15.0,18.0,33.0,6.0,18.0,34.0,47.0,44.0,14.0,29.0,15.0,12.0,10.0,27.0,12.0,10.0,25.0,20.0,19.0,17.0,17.0,16.0,16.0,10.0,6.0,10.0,11.0,17.0,13.0,13.0,16.0,15.0,15.0,17.0,20.0,18.0
K1,6072,          Eumetazoa,43924.0,52082.0,50821.0,61483.0,53044.0,54990.0,72257.0,50995.0,43654.0,55271.0,50563.0,49945.0,90220.0,79380.0,81573.0,34824.0,32940.0,34108.0,50283.0,36188.0,42120.0,48286.0,40631.0,39634.0,44621.0,49941.0,44362.0,41943.0,45625.0,52766.0,49599.0,41769.0,49580.0,51458.0,50999.0,47177.0,56742.0,54753.0,57359.0,42948.0,46732.0,47633.0,56854.0
P,7711,                Chordata,43924.0,52082.0,50821.0,61483.0,53044.0,54990.0,72257.0,50995.0,43654.0,55271.0,50563.0,49945.0,90220.0,79380.0,81573.0,34824.0,32940.0,34108.0,50283.0,36188.0,42120.0,48286.0,40631.0,39634.0,44621.0,49941.0,44362.0,41943.0,45625.0,52766.0,49599.0,41769.0,49580.0,51458.0,50999.0,47177.0,56742.0,54753.0,57359.0,42948.0,46732.0,47633.0,56854.0
P2,7742,                    Vertebrata,43924.0,52082.0,50821.0,61483.0,53044.0,54990.0,72257.0,50995.0,43654.0,55271.0,50563.0,49945.0,90220.0,79380.0,81573.0,34824.0,32940.0,34108.0,50283.0,36188.0,42120.0,48286.0,40631.0,39634.0,44621.0,49941.0,44362.0,41943.0,45625.0,52766.0,49599.0,41769.0,49580.0,51458.0,50999.0,47177.0,56742.0,54753.0,57359.0,42948.0,46732.0,47633.0,56854.0
P3,7776,                      Gnathostomata,43924.0,52082.0,50821.0,61483.0,53044.0,54990.0,72257.0,50995.0,43654.0,55271.0,50563.0,49945.0,90220.0,79380.0,81573.0,34824.0,32940.0,34108.0,50283.0,36188.0,42120.0,48286.0,40631.0,39634.0,44621.0,49941.0,44362.0,41943.0,45625.0,52766.0,49599.0,41769.0,49580.0,51458.0,50999.0,47177.0,56742.0,54753.0,57359.0,42948.0,46732.0,47633.0,56854.0
P6,8287,                            Sarcopterygii,43924.0,52082.0,50821.0,61483.0,53044.0,54990.0,72257.0,50995.0,43654.0,55271.0,50563.0,49945.0,90220.0,79380.0,81573.0,34824.0,32940.0,34108.0,50283.0,36188.0,42120.0,48286.0,40631.0,39634.0,44621.0,49941.0,44362.0,41943.0,45625.0,52766.0,49599.0,41769.0,49580.0,51458.0,50999.0,47177.0,56742.0,54753.0,57359.0,42948.0,46732.0,47633.0,56854.0
R1,10239,  Viruses,9.0,4.0,7.0,10.0,14.0,14.0,16.0,9.0,42.0,58.0,8.0,31.0,124.0,77.0,98.0,38.0,23.0,14.0,19.0,14.0,28.0,16.0,40.0,36.0,42.0,26.0,23.0,60.0,62.0,46.0,87.0,30.0,50.0,55.0,58.0,39.0,65.0,48.0,43.0,45.0,23.0,72.0,88.0
C,28211,          Alphaproteobacteria,4274510.0,3834618.0,3717322.0,3719111.0,3101059.0,3302545.0,3406666.0,3470928.0,3762628.0,2665690.0,2253024.0,2265159.0,566469.0,506037.0,503570.0,5048474.0,5224981.0,5202291.0,4815208.0,3977134.0,4849871.0,5519942.0,4718166.0,5044775.0,3913679.0,4238607.0,4467929.0,2815093.0,3199542.0,2931641.0,3903842.0,4774905.0,4375138.0,4299519.0,4047527.0,3820306.0,3433396.0,3370486.0,3252299.0,4917458.0,4809376.0,5270257.0,3959961.0
C,28216,          Betaproteobacteria,484104.0,685717.0,637192.0,1111788.0,1122748.0,1166208.0,1763798.0,1346729.0,1022642.0,1250185.0,1187782.0,1209996.0,2322040.0,1872690.0,2070634.0,374487.0,354924.0,434820.0,970964.0,816796.0,827787.0,1180455.0,886920.0,887911.0,968550.0,1101416.0,944397.0,462748.0,571285.0,733541.0,1483835.0,1068751.0,1359686.0,1417711.0,1403560.0,1211088.0,1426690.0,1427425.0,1488031.0,888862.0,1063275.0,1235812.0,1576775.0
C,28221,        Deltaproteobacteria,2.0,4.0,2.0,10.0,5.0,10.0,11.0,8.0,9.0,7.0,5.0,5.0,38.0,29.0,9.0,,,2.0,4.0,4.0,,5.0,9.0,2.0,5.0,3.0,2.0,3.0,4.0,6.0,11.0,,5.0,7.0,22.0,4.0,4.0,6.0,10.0,7.0,2.0,8.0,11.0
P,28889,        Thermoproteota,,,,,,,,2.0,,2.0,,3.0,2.0,2.0,,,2.0,,,,,,,,,,,,,,,,,,,,,,,,2.0,,
P,28890,        Methanobacteriota,117.0,165.0,172.0,196.0,164.0,170.0,232.0,181.0,172.0,219.0,318.0,163.0,541.0,427.0,483.0,110.0,160.0,161.0,183.0,157.0,199.0,182.0,238.0,246.0,168.0,252.0,160.0,247.0,247.0,227.0,233.0,225.0,228.0,221.0,238.0,207.0,205.0,281.0,223.0,164.0,160.0,271.0,209.0
P,29547,        Campylobacterota,79.0,67.0,88.0,144.0,286.0,324.0,570.0,149.0,148.0,220.0,152.0,181.0,288.0,501.0,567.0,23.0,23.0,37.0,83.0,70.0,136.0,72.0,60.0,78.0,80.0,76.0,95.0,14.0,21.0,32.0,44.0,86.0,104.0,65.0,74.0,109.0,114.0,48.0,101.0,37.0,51.0,41.0,62.0
C,31969,          Mollicutes,,,,,,,,,,5.0,,,66.0,,86.0,,,,,,,8.0,,3.0,,9.0,,,,2.0,,,,,,,,,,,,,
C,32015,          Myxococcia,9548.0,16914.0,14795.0,36063.0,39133.0,40318.0,67928.0,43371.0,23152.0,37933.0,42659.0,42709.0,62463.0,49285.0,53258.0,5375.0,3294.0,5377.0,19467.0,14325.0,8256.0,19036.0,13339.0,8183.0,18161.0,23175.0,17674.0,14460.0,16221.0,23760.0,27537.0,11714.0,21605.0,24431.0,24465.0,21925.0,34372.0,32303.0,36143.0,13698.0,24417.0,11979.0,38110.0
C,32061,          Chloroflexia,17.0,42.0,51.0,70.0,63.0,88.0,150.0,68.0,76.0,101.0,106.0,87.0,195.0,275.0,249.0,21.0,16.0,19.0,55.0,74.0,52.0,55.0,43.0,43.0,72.0,56.0,67.0,40.0,51.0,72.0,67.0,60.0,67.0,91.0,110.0,78.0,111.0,127.0,112.0,57.0,55.0,113.0,110.0
P,32066,        Fusobacteriota,2.0,2.0,6.0,3.0,9.0,4.0,8.0,2.0,5.0,9.0,20.0,2.0,7.0,3.0,6.0,4.0,6.0,5.0,,7.0,6.0,6.0,4.0,6.0,9.0,5.0,7.0,4.0,3.0,9.0,5.0,,3.0,4.0,7.0,,7.0,2.0,,4.0,4.0,3.0,7.0
P8,32523,                                Tetrapoda,43924.0,52082.0,50821.0,61483.0,53044.0,54990.0,72257.0,50995.0,43654.0,55271.0,50563.0,49945.0,90220.0,79380.0,81573.0,34824.0,32940.0,34108.0,50283.0,36188.0,42120.0,48286.0,40631.0,39634.0,44621.0,49941.0,44362.0,41943.0,45625.0,52766.0,49599.0,41769.0,49580.0,51458.0,50999.0,47177.0,56742.0,54753.0,57359.0,42948.0,46732.0,47633.0,56854.0
P9,32524,                                  Amniota,43924.0,52082.0,50821.0,61483.0,53044.0,54990.0,72257.0,50995.0,43654.0,55271.0,50563.0,49945.0,90220.0,79380.0,81573.0,34824.0,32940.0,34108.0,50283.0,36188.0,42120.0,48286.0,40631.0,39634.0,44621.0,49941.0,44362.0,41943.0,45625.0,52766.0,49599.0,41769.0,49580.0,51458.0,50999.0,47177.0,56742.0,54753.0,57359.0,42948.0,46732.0,47633.0,56854.0
R3,33154,      Opisthokonta,43924.0,52082.0,50821.0,61483.0,53044.0,54990.0,72257.0,50995.0,43654.0,55271.0,50563.0,49945.0,90220.0,79380.0,81573.0,34824.0,32940.0,34108.0,50283.0,36188.0,42120.0,48286.0,40631.0,39634.0,44621.0,49941.0,44362.0,41943.0,45625.0,52766.0,49599.0,41769.0,49580.0,51458.0,50999.0,47177.0,56742.0,54753.0,57359.0,42948.0,46732.0,47633.0,56854.0
K,33208,        Metazoa,43924.0,52082.0,50821.0,61483.0,53044.0,54990.0,72257.0,50995.0,43654.0,55271.0,50563.0,49945.0,90220.0,79380.0,81573.0,34824.0,32940.0,34108.0,50283.0,36188.0,42120.0,48286.0,40631.0,39634.0,44621.0,49941.0,44362.0,41943.0,45625.0,52766.0,49599.0,41769.0,49580.0,51458.0,50999.0,47177.0,56742.0,54753.0,57359.0,42948.0,46732.0,47633.0,56854.0
K2,33213,            Bilateria,43924.0,52082.0,50821.0,61483.0,53044.0,54990.0,72257.0,50995.0,43654.0,55271.0,50563.0,49945.0,90220.0,79380.0,81573.0,34824.0,32940.0,34108.0,50283.0,36188.0,42120.0,48286.0,40631.0,39634.0,44621.0,49941.0,44362.0,41943.0,45625.0,52766.0,49599.0,41769.0,49580.0,51458.0,50999.0,47177.0,56742.0,54753.0,57359.0,42948.0,46732.0,47633.0,56854.0
K3,33511,              Deuterostomia,43924.0,52082.0,50821.0,61483.0,53044.0,54990.0,72257.0,50995.0,43654.0,55271.0,50563.0,49945.0,90220.0,79380.0,81573.0,34824.0,32940.0,34108.0,50283.0,36188.0,42120.0,48286.0,40631.0,39634.0,44621.0,49941.0,44362.0,41943.0,45625.0,52766.0,49599.0,41769.0,49580.0,51458.0,50999.0,47177.0,56742.0,54753.0,57359.0,42948.0,46732.0,47633.0,56854.0
R4,33634,        Stramenopiles,24.0,11.0,20.0,5.0,8.0,15.0,2.0,15.0,18.0,33.0,6.0,18.0,34.0,47.0,44.0,14.0,29.0,15.0,12.0,10.0,27.0,12.0,10.0,25.0,20.0,19.0,17.0,17.0,16.0,16.0,10.0,6.0,10.0,11.0,17.0,13.0,13.0,16.0,15.0,15.0,17.0,20.0,18.0
C,33849,              Bacillariophyceae,24.0,11.0,20.0,5.0,8.0,15.0,2.0,15.0,18.0,33.0,6.0,18.0,34.0,47.0,44.0,14.0,29.0,15.0,12.0,10.0,27.0,12.0,10.0,25.0,20.0,19.0,17.0,17.0,16.0,16.0,10.0,6.0,10.0,11.0,17.0,13.0,13.0,16.0,15.0,15.0,17.0,20.0,18.0
P,40117,        Nitrospirota,1966.0,2888.0,2617.0,2187.0,2896.0,2863.0,3340.0,2204.0,1588.0,2235.0,2202.0,2154.0,3762.0,3410.0,3480.0,1213.0,1392.0,1308.0,1442.0,1123.0,880.0,1486.0,937.0,783.0,1202.0,1567.0,1087.0,1015.0,1258.0,1550.0,1932.0,1143.0,1727.0,1868.0,2034.0,1516.0,2053.0,2103.0,2343.0,1202.0,1639.0,1652.0,2748.0
C,40674,                                    Mammalia,43924.0,52082.0,50821.0,61483.0,53044.0,54990.0,72257.0,50995.0,43654.0,55271.0,50563.0,49945.0,90220.0,79380.0,81573.0,34824.0,32940.0,34108.0,50283.0,36188.0,42120.0,48286.0,40631.0,39634.0,44621.0,49941.0,44362.0,41943.0,45625.0,52766.0,49599.0,41769.0,49580.0,51458.0,50999.0,47177.0,56742.0,54753.0,57359.0,42948.0,46732.0,47633.0,56854.0
P,57723,        Acidobacteriota,16254.0,17534.0,17650.0,15695.0,13580.0,14209.0,20186.0,16782.0,14616.0,19246.0,17293.0,17613.0,14895.0,12807.0,12604.0,14885.0,16280.0,19080.0,12660.0,14022.0,14251.0,16879.0,14581.0,13582.0,15214.0,16720.0,17105.0,5160.0,5151.0,7039.0,9440.0,7352.0,9181.0,10749.0,9872.0,9933.0,12361.0,12173.0,12503.0,19493.0,19699.0,10050.0,12504.0
P,62680,          Fidelibacterota,,,2.0,7.0,3.0,,,6.0,,7.0,9.0,,4.0,8.0,10.0,,2.0,,2.0,8.0,2.0,6.0,2.0,,,7.0,2.0,,,,3.0,2.0,,3.0,,,,8.0,,,5.0,3.0,
C,67799,          Thermodesulfobacteria,,,,,2.0,2.0,,,,,3.0,,,,,,,,2.0,,,,,,,,,2.0,,,,,,2.0,,3.0,,,,,2.0,,
P,67810,          Candidatus Bipolaricaulota,,,,,,6.0,2.0,,,,5.0,,18.0,4.0,5.0,,,,,,,3.0,,,2.0,2.0,,3.0,,,,,,,,,,,,,,2.0,
P,67818,        Atribacterota,,,,,,,,,,,,,,,,,,,,,,,,,,,,,2.0,,,,,2.0,,,,,,,,,
P,67819,        Armatimonadota,18.0,17.0,28.0,49.0,24.0,39.0,42.0,39.0,40.0,81.0,55.0,50.0,26.0,25.0,27.0,6.0,12.0,16.0,53.0,38.0,62.0,41.0,34.0,34.0,27.0,45.0,27.0,5.0,6.0,23.0,27.0,40.0,36.0,35.0,43.0,36.0,26.0,36.0,35.0,25.0,25.0,28.0,26.0
P,68297,        Dictyoglomota,,,,,,,,,,,,,,,,,,,,,,,,,,,,,,,,,,,,2.0,,,,,,,
K2,68336,          Bacteroidota/Chlorobiota group,111151.0,125036.0,140635.0,155690.0,147405.0,148465.0,92038.0,90865.0,127858.0,119291.0,91324.0,95381.0,139278.0,111598.0,105664.0,132637.0,166909.0,161339.0,185995.0,180079.0,231464.0,119625.0,99891.0,129796.0,86215.0,96115.0,114562.0,1096827.0,1425436.0,1121413.0,510846.0,433675.0,302526.0,215784.0,193805.0,141039.0,116468.0,115540.0,107362.0,102203.0,96821.0,391837.0,285095.0
C,68337,          Deferribacteres,3.0,5.0,,7.0,,13.0,6.0,,,,,,7.0,8.0,6.0,,,,,,,,,4.0,,3.0,,,,,2.0,,,,,,,,,,,2.0,
R3,68525,      delta/epsilon subdivisions,2.0,4.0,2.0,10.0,5.0,10.0,11.0,8.0,9.0,7.0,5.0,5.0,38.0,29.0,9.0,,,2.0,4.0,4.0,,5.0,9.0,2.0,5.0,3.0,2.0,3.0,4.0,6.0,11.0,,5.0,7.0,22.0,4.0,4.0,6.0,10.0,7.0,2.0,8.0,11.0
P,74152,        Elusimicrobiota,,,,,,3.0,,2.0,,,3.0,,5.0,2.0,,,,,,,,,,,,,,,,,,,,2.0,,2.0,,2.0,,,,,
P,74201,          Verrucomicrobiota,2073.0,2601.0,2983.0,3032.0,3881.0,3170.0,4471.0,2421.0,2296.0,2455.0,2972.0,2881.0,6397.0,5140.0,5302.0,2206.0,1923.0,2954.0,3922.0,2996.0,2451.0,2742.0,2152.0,2407.0,2908.0,3458.0,2094.0,3121.0,3583.0,4091.0,6367.0,6887.0,7348.0,5804.0,5751.0,4771.0,4694.0,4904.0,4952.0,2334.0,2928.0,6023.0,4716.0
C,84992,          Acidimicrobiia,7041.0,7554.0,8763.0,15788.0,11526.0,12024.0,16613.0,15339.0,15768.0,17946.0,14467.0,14507.0,30836.0,26519.0,26042.0,7704.0,6574.0,8667.0,15615.0,13060.0,13407.0,16960.0,14512.0,13549.0,16665.0,17342.0,16543.0,10637.0,10540.0,12362.0,14058.0,11431.0,14618.0,14363.0,13844.0,14252.0,15968.0,15368.0,15888.0,15317.0,15264.0,15371.0,15025.0
C,84995,          Rubrobacteria,30.0,28.0,97.0,37.0,33.0,33.0,64.0,39.0,27.0,117.0,36.0,47.0,91.0,82.0,83.0,23.0,15.0,17.0,17.0,24.0,26.0,42.0,26.0,24.0,53.0,45.0,39.0,24.0,139.0,39.0,29.0,39.0,74.0,54.0,33.0,42.0,45.0,39.0,51.0,40.0,52.0,27.0,50.0
C,84998,          Coriobacteriia,44.0,101.0,276.0,459.0,28.0,1200.0,70.0,1467.0,135.0,320.0,275.0,407.0,1733.0,702.0,1096.0,11.0,83.0,193.0,225.0,244.0,114.0,356.0,184.0,128.0,56.0,519.0,85.0,18.0,47.0,183.0,125.0,150.0,312.0,524.0,417.0,188.0,35.0,340.0,434.0,143.0,532.0,89.0,89.0
P1,89593,                  Craniata,43924.0,52082.0,50821.0,61483.0,53044.0,54990.0,72257.0,50995.0,43654.0,55271.0,50563.0,49945.0,90220.0,79380.0,81573.0,34824.0,32940.0,34108.0,50283.0,36188.0,42120.0,48286.0,40631.0,39634.0,44621.0,49941.0,44362.0,41943.0,45625.0,52766.0,49599.0,41769.0,49580.0,51458.0,50999.0,47177.0,56742.0,54753.0,57359.0,42948.0,46732.0,47633.0,56854.0
C,91061,          Bacilli,57651.0,53572.0,51893.0,9994.0,8416.0,8571.0,23333.0,15627.0,16451.0,33633.0,22403.0,27510.0,101138.0,73616.0,79533.0,123865.0,90557.0,69071.0,12735.0,10641.0,10163.0,12307.0,12258.0,9796.0,14597.0,23982.0,14634.0,320613.0,318732.0,158100.0,20825.0,9035.0,14036.0,12521.0,12122.0,17755.0,14743.0,15027.0,15436.0,15870.0,17564.0,15064.0,15320.0
P,95818,          Candidatus Saccharimonadota,,,2.0,6.0,7.0,,,2.0,,,,,26.0,15.0,14.0,,,,,,,,,,4.0,,,6.0,14.0,8.0,5.0,,,11.0,,,5.0,,10.0,,,,3.0
R5,95901,          Candidatus Babelota,,,,,3.0,,,,,,,,,,,2.0,,,,,,,,,,,4.0,,,2.0,,,,,,,,2.0,,,,,5.0
P4,117570,                        Teleostomi,43924.0,52082.0,50821.0,61483.0,53044.0,54990.0,72257.0,50995.0,43654.0,55271.0,50563.0,49945.0,90220.0,79380.0,81573.0,34824.0,32940.0,34108.0,50283.0,36188.0,42120.0,48286.0,40631.0,39634.0,44621.0,49941.0,44362.0,41943.0,45625.0,52766.0,49599.0,41769.0,49580.0,51458.0,50999.0,47177.0,56742.0,54753.0,57359.0,42948.0,46732.0,47633.0,56854.0
P5,117571,                          Euteleostomi,43924.0,52082.0,50821.0,61483.0,53044.0,54990.0,72257.0,50995.0,43654.0,55271.0,50563.0,49945.0,90220.0,79380.0,81573.0,34824.0,32940.0,34108.0,50283.0,36188.0,42120.0,48286.0,40631.0,39634.0,44621.0,49941.0,44362.0,41943.0,45625.0,52766.0,49599.0,41769.0,49580.0,51458.0,50999.0,47177.0,56742.0,54753.0,57359.0,42948.0,46732.0,47633.0,56854.0
C,117743,              Flavobacteriia,80791.0,94821.0,105578.0,87805.0,72574.0,71481.0,43473.0,42205.0,76791.0,57042.0,44232.0,46752.0,126289.0,100551.0,95576.0,111379.0,139742.0,137741.0,120743.0,84020.0,114874.0,52221.0,29529.0,64442.0,30240.0,35941.0,59017.0,1084942.0,1409627.0,1108533.0,469379.0,376654.0,244982.0,169636.0,142198.0,96455.0,72916.0,73493.0,64734.0,48370.0,50672.0,345419.0,254383.0
C,117747,              Sphingobacteriia,3635.0,4072.0,3990.0,5080.0,5218.0,6968.0,5063.0,9450.0,6727.0,15201.0,11477.0,10370.0,793.0,994.0,779.0,3707.0,5140.0,2597.0,3243.0,6765.0,8973.0,6456.0,24127.0,5805.0,4591.0,7269.0,7296.0,3888.0,4419.0,2488.0,1744.0,2101.0,1974.0,2225.0,1852.0,1910.0,2405.0,3050.0,2182.0,5054.0,4112.0,1953.0,1414.0
C,118001,          Chrysiogenia,,,,,,,,,,,221.0,,596.0,449.0,339.0,,,,60.0,87.0,,,,,,75.0,,,,,,,,,,,,77.0,,,,52.0,
R1,131567,  cellular organisms,6651418.0,6563392.0,6366586.0,6189257.0,5290535.0,5573014.0,6434043.0,5799986.0,5608107.0,4799793.0,4265622.0,4351746.0,4416169.0,3779600.0,3854201.0,9520236.0,9067439.0,9360807.0,7220666.0,6037358.0,6952331.0,7907653.0,6592162.0,6904831.0,5678425.0,6225533.0,6300605.0,10398615.0,11591585.0,10280886.0,7220844.0,7420297.0,7140370.0,7153323.0,6705451.0,6141880.0,5929959.0,5844386.0,5778485.0,6860039.0,7010570.0,8252886.0,7157250.0
C,134549,            Spartobacteria,5.0,7.0,11.0,15.0,,8.0,12.0,17.0,65.0,,,27.0,183.0,184.0,209.0,,,,,,,149.0,,28.0,,145.0,,,,,,,61.0,76.0,128.0,67.0,46.0,,,,,70.0,
P,134625,          Kiritimatiellota,,922.0,,690.0,,829.0,1329.0,932.0,,1101.0,,,2307.0,2447.0,1869.0,,,,2.0,,556.0,942.0,723.0,,,,792.0,644.0,674.0,501.0,907.0,611.0,974.0,2.0,822.0,782.0,1029.0,890.0,956.0,763.0,,896.0,772.0
P,142182,          Gemmatimonadota,2049.0,3452.0,3114.0,5151.0,5785.0,5917.0,10482.0,8222.0,5198.0,7044.0,7348.0,7249.0,6805.0,5847.0,6039.0,753.0,667.0,1061.0,3028.0,2378.0,1989.0,4334.0,3165.0,2989.0,3109.0,3839.0,2799.0,1144.0,1473.0,2148.0,3597.0,2139.0,3475.0,3621.0,3930.0,2987.0,4151.0,4098.0,4636.0,2657.0,3819.0,2526.0,4514.0
C,183924,          Thermoprotei,,,,,,,,2.0,,2.0,,3.0,2.0,2.0,,,2.0,,,,,,,,,,,,,,,,,,,,,,,,2.0,,
C,183925,            Methanobacteria,8.0,2.0,13.0,2.0,10.0,9.0,10.0,,11.0,16.0,141.0,2.0,14.0,14.0,12.0,7.0,4.0,12.0,3.0,9.0,9.0,4.0,4.0,8.0,5.0,9.0,2.0,11.0,16.0,13.0,2.0,2.0,7.0,15.0,12.0,12.0,2.0,9.0,3.0,4.0,6.0,13.0,5.0
C,183963,            Halobacteria,44.0,85.0,77.0,110.0,84.0,86.0,129.0,121.0,78.0,106.0,88.0,98.0,247.0,187.0,169.0,35.0,33.0,66.0,78.0,51.0,40.0,81.0,118.0,42.0,67.0,103.0,62.0,87.0,79.0,89.0,118.0,69.0,89.0,99.0,90.0,83.0,109.0,115.0,95.0,67.0,82.0,78.0,96.0
C,183967,          Thermoplasmata,,,,,,2.0,,,,,,,5.0,4.0,11.0,,,,,,,2.0,,,2.0,,,2.0,6.0,,,,2.0,2.0,,,2.0,,,3.0,,,2.0
C,183968,          Thermococci,,,,2.0,,,,,,3.0,,,,2.0,,2.0,,,,,,2.0,,,,,,,,,,,,3.0,,,,,,,,,
C,186801,          Clostridia,940.0,909.0,1108.0,936.0,1383.0,1336.0,1584.0,1296.0,1648.0,2179.0,1470.0,1938.0,4743.0,2561.0,3351.0,413.0,599.0,342.0,614.0,907.0,970.0,920.0,780.0,970.0,1164.0,1318.0,1225.0,353.0,365.0,414.0,572.0,683.0,836.0,873.0,760.0,720.0,924.0,634.0,909.0,1054.0,834.0,3075.0,676.0
C,187857,          Aquificia,,3.0,,3.0,2.0,,2.0,4.0,3.0,5.0,,3.0,8.0,5.0,4.0,,,,,,,,,,5.0,4.0,,3.0,,3.0,2.0,,,2.0,,,2.0,,2.0,6.0,,2.0,
C,188708,          Thermotogae,2.0,,,,3.0,,,2.0,,,,2.0,2.0,,4.0,,,,,3.0,3.0,8.0,,,,,,,,,,,,,,,,,,2.0,,,2.0
C,188787,          Deinococci,14177.0,16641.0,13976.0,810.0,411.0,404.0,746.0,504.0,429.0,430.0,351.0,353.0,1895.0,1205.0,1261.0,11837.0,10953.0,11433.0,1363.0,535.0,331.0,669.0,435.0,359.0,433.0,293.0,267.0,12944.0,12756.0,13801.0,2951.0,1550.0,1039.0,1180.0,750.0,691.0,527.0,474.0,402.0,1395.0,1195.0,2940.0,2778.0
C,189775,          Thermomicrobia,12.0,14.0,17.0,13.0,8.0,15.0,19.0,15.0,9.0,12.0,14.0,15.0,25.0,22.0,25.0,6.0,6.0,9.0,9.0,4.0,5.0,14.0,7.0,8.0,12.0,18.0,15.0,10.0,11.0,16.0,7.0,12.0,16.0,14.0,5.0,10.0,11.0,11.0,9.0,7.0,12.0,6.0,12.0
C,191410,              Chlorobiia,28.0,20.0,19.0,30.0,35.0,21.0,52.0,41.0,25.0,55.0,24.0,26.0,68.0,52.0,77.0,9.0,8.0,8.0,14.0,20.0,17.0,10.0,5.0,8.0,8.0,20.0,9.0,13.0,13.0,25.0,27.0,16.0,6.0,28.0,19.0,13.0,46.0,34.0,21.0,14.0,28.0,25.0,34.0
C,200643,              Bacteroidia,2301.0,1761.0,2044.0,4846.0,6764.0,6874.0,6560.0,1311.0,1878.0,2503.0,788.0,1283.0,2212.0,940.0,784.0,259.0,496.0,356.0,1256.0,2666.0,2502.0,2021.0,597.0,1547.0,1861.0,3473.0,1767.0,110.0,100.0,101.0,370.0,366.0,590.0,565.0,1307.0,587.0,984.0,942.0,1387.0,1563.0,2153.0,1140.0,341.0
P,200783,        Aquificota,,3.0,,3.0,2.0,,2.0,4.0,3.0,5.0,,3.0,8.0,5.0,4.0,,,,,,,,,,5.0,4.0,,3.0,,3.0,2.0,,,2.0,,,2.0,,2.0,6.0,,2.0,
P,200795,        Chloroflexota,279.0,413.0,421.0,475.0,467.0,522.0,618.0,502.0,364.0,569.0,539.0,504.0,1873.0,1195.0,1217.0,171.0,150.0,218.0,435.0,295.0,247.0,444.0,325.0,283.0,379.0,435.0,432.0,280.0,305.0,428.0,519.0,301.0,431.0,491.0,462.0,396.0,551.0,573.0,559.0,354.0,395.0,389.0,747.0
P,200918,        Thermotogota,2.0,,,,3.0,,,2.0,,,,2.0,2.0,,4.0,,,,,3.0,3.0,8.0,,,,,,,,,,,,,,,,,,2.0,,,2.0
P,200930,        Deferribacterota,3.0,5.0,,7.0,,13.0,6.0,,,,,,7.0,8.0,6.0,,,,,,,,,4.0,,3.0,,,,,2.0,,,,,,,,,,,2.0,
P,200938,        Chrysiogenota,,,,,,,,,,,221.0,,596.0,449.0,339.0,,,,60.0,87.0,,,,,,75.0,,,,,,,,,,,,77.0,,,,52.0,
P,200940,        Thermodesulfobacteriota,803.0,1055.0,1007.0,2342.0,3568.0,4403.0,6484.0,3823.0,3486.0,3536.0,4289.0,4013.0,14695.0,14811.0,12941.0,454.0,395.0,491.0,1971.0,1262.0,944.0,2133.0,1862.0,1120.0,1780.0,2583.0,1483.0,1353.0,1492.0,1842.0,2308.0,1524.0,2741.0,2922.0,3563.0,2896.0,3812.0,3782.0,4388.0,1668.0,1981.0,1564.0,3800.0
P,201174,        Actinomycetota,495702.0,586711.0,603893.0,381105.0,288695.0,303240.0,456333.0,348278.0,247719.0,304448.0,286564.0,302073.0,554771.0,467534.0,439604.0,689036.0,540616.0,726972.0,354845.0,236396.0,200476.0,280531.0,209443.0,181650.0,218610.0,236169.0,226436.0,1447914.0,1519079.0,1465474.0,435645.0,303412.0,315192.0,340323.0,297742.0,282928.0,307815.0,295941.0,294280.0,286723.0,317890.0,457190.0,452651.0
C,203486,          Dictyoglomia,,,,,,,,,,,,,,,,,,,,,,,,,,,,,,,,,,,,2.0,,,,,,,
C,203490,          Fusobacteriia,2.0,2.0,6.0,3.0,9.0,4.0,8.0,2.0,5.0,9.0,20.0,2.0,7.0,3.0,6.0,4.0,6.0,5.0,,7.0,6.0,6.0,4.0,6.0,9.0,5.0,7.0,4.0,3.0,9.0,5.0,,3.0,4.0,7.0,,7.0,2.0,,4.0,4.0,3.0,7.0
C,203494,            Verrucomicrobiia,1072.0,1035.0,1302.0,1691.0,1733.0,1310.0,1837.0,754.0,655.0,775.0,810.0,706.0,3968.0,3165.0,3148.0,1768.0,1537.0,2352.0,2905.0,1966.0,1984.0,1622.0,1489.0,1806.0,1805.0,1762.0,1501.0,2565.0,2702.0,2988.0,5336.0,6330.0,6162.0,4739.0,4629.0,3937.0,3664.0,3815.0,3742.0,1476.0,1530.0,5224.0,3287.0
P,203682,          Planctomycetota,14185.0,17309.0,17009.0,10075.0,10539.0,10994.0,13745.0,11998.0,9828.0,12344.0,11816.0,11802.0,21723.0,18528.0,18588.0,10104.0,10221.0,10056.0,9023.0,8812.0,7790.0,10124.0,8583.0,7530.0,9768.0,11266.0,9974.0,9230.0,9406.0,11361.0,9140.0,8132.0,9585.0,9722.0,9197.0,8286.0,9990.0,10055.0,10438.0,10230.0,10657.0,9888.0,10205.0
C,203683,            Planctomycetia,14116.0,17175.0,16907.0,9991.0,10435.0,10908.0,13624.0,11893.0,9738.0,12254.0,11692.0,11690.0,21337.0,18143.0,18032.0,10045.0,10193.0,10009.0,8961.0,8761.0,7738.0,10039.0,8540.0,7480.0,9690.0,11187.0,9920.0,9083.0,9270.0,10967.0,8999.0,8046.0,9477.0,9583.0,9071.0,8167.0,9837.0,9907.0,10296.0,10164.0,10585.0,9795.0,10067.0
P,203691,        Spirochaetota,189.0,410.0,175.0,398.0,355.0,401.0,1246.0,740.0,710.0,1002.0,1175.0,468.0,1735.0,1602.0,1470.0,30.0,13.0,29.0,292.0,331.0,176.0,131.0,119.0,217.0,153.0,577.0,369.0,39.0,47.0,59.0,296.0,78.0,234.0,329.0,165.0,283.0,393.0,431.0,283.0,118.0,257.0,191.0,413.0
C,203692,          Spirochaetia,189.0,410.0,175.0,398.0,355.0,401.0,1246.0,740.0,710.0,1002.0,1175.0,468.0,1735.0,1602.0,1470.0,30.0,13.0,29.0,292.0,331.0,176.0,131.0,119.0,217.0,153.0,577.0,369.0,39.0,47.0,59.0,296.0,78.0,234.0,329.0,165.0,283.0,393.0,431.0,283.0,118.0,257.0,191.0,413.0
C,203693,          Nitrospiria,1963.0,2886.0,2613.0,2180.0,2893.0,2851.0,3324.0,2194.0,1584.0,2226.0,2196.0,2148.0,3737.0,3382.0,3461.0,1209.0,1390.0,1306.0,1436.0,1123.0,878.0,1476.0,937.0,783.0,1200.0,1556.0,1082.0,1012.0,1250.0,1548.0,1919.0,1143.0,1724.0,1858.0,2027.0,1512.0,2041.0,2091.0,2337.0,1200.0,1634.0,1649.0,2740.0
P,204428,          Chlamydiota,4.0,5.0,5.0,4.0,8.0,9.0,10.0,6.0,14.0,11.0,6.0,13.0,21.0,20.0,14.0,8.0,6.0,4.0,10.0,8.0,8.0,8.0,6.0,7.0,5.0,10.0,9.0,10.0,6.0,16.0,10.0,10.0,12.0,19.0,7.0,10.0,9.0,10.0,9.0,6.0,6.0,8.0,40.0
C,204429,            Chlamydiia,4.0,5.0,5.0,4.0,8.0,9.0,10.0,6.0,14.0,11.0,6.0,13.0,21.0,20.0,14.0,8.0,6.0,4.0,10.0,8.0,8.0,8.0,6.0,7.0,5.0,10.0,9.0,10.0,6.0,16.0,10.0,10.0,12.0,19.0,7.0,10.0,9.0,10.0,9.0,6.0,6.0,8.0,40.0
C,204432,          Terriglobia,440.0,665.0,608.0,1018.0,976.0,1075.0,1353.0,1285.0,938.0,1293.0,1085.0,1106.0,1393.0,1075.0,1013.0,193.0,226.0,275.0,798.0,581.0,586.0,870.0,665.0,597.0,701.0,852.0,727.0,267.0,287.0,369.0,747.0,496.0,759.0,787.0,649.0,673.0,819.0,795.0,864.0,695.0,868.0,525.0,790.0
C,219685,            Gemmatimonadia,2029.0,3419.0,3072.0,5102.0,5730.0,5869.0,10415.0,8165.0,5170.0,6993.0,7288.0,7200.0,6692.0,5765.0,5949.0,745.0,658.0,1050.0,2997.0,2360.0,1966.0,4306.0,3136.0,2970.0,3093.0,3793.0,2774.0,1133.0,1458.0,2124.0,3543.0,2118.0,3428.0,3592.0,3897.0,2959.0,4104.0,4049.0,4584.0,2625.0,3788.0,2495.0,4463.0
C,224756,            Methanomicrobia,64.0,77.0,80.0,81.0,69.0,74.0,92.0,60.0,83.0,93.0,88.0,63.0,279.0,224.0,301.0,65.0,122.0,83.0,101.0,96.0,149.0,93.0,115.0,195.0,95.0,140.0,95.0,148.0,151.0,123.0,112.0,153.0,131.0,102.0,135.0,111.0,94.0,156.0,124.0,93.0,71.0,179.0,108.0
P,256845,          Lentisphaerota,,,,,,,,,,,,,,,,,,,,,,,,,,,,,2.0,,,,,,,,,,,,,,
C,292625,          Anaerolineae,60.0,83.0,78.0,109.0,108.0,123.0,158.0,105.0,78.0,146.0,110.0,103.0,354.0,325.0,357.0,44.0,33.0,47.0,127.0,69.0,54.0,113.0,93.0,77.0,97.0,114.0,113.0,60.0,85.0,103.0,143.0,62.0,108.0,119.0,124.0,114.0,150.0,125.0,155.0,87.0,87.0,87.0,107.0
C,301297,          Dehalococcoidia,2.0,5.0,3.0,6.0,9.0,3.0,7.0,14.0,7.0,9.0,3.0,6.0,572.0,28.0,21.0,2.0,,3.0,14.0,8.0,5.0,5.0,5.0,4.0,3.0,2.0,12.0,9.0,5.0,9.0,10.0,,6.0,8.0,5.0,4.0,8.0,11.0,7.0,7.0,11.0,10.0,243.0
C,388447,          Ktedonobacteria,7.0,12.0,17.0,18.0,9.0,19.0,23.0,27.0,19.0,6.0,19.0,20.0,46.0,38.0,37.0,5.0,10.0,21.0,17.0,9.0,17.0,13.0,9.0,6.0,16.0,12.0,14.0,,11.0,5.0,13.0,6.0,23.0,23.0,25.0,11.0,19.0,21.0,7.0,6.0,6.0,9.0,17.0
C,414999,            Opitutia,995.0,1558.0,1668.0,1325.0,2148.0,1851.0,2618.0,1648.0,1576.0,1677.0,2162.0,2147.0,2207.0,1751.0,1944.0,438.0,386.0,602.0,1016.0,1030.0,467.0,971.0,663.0,573.0,1025.0,1549.0,593.0,555.0,881.0,1103.0,1031.0,556.0,996.0,988.0,993.0,689.0,983.0,1089.0,1209.0,858.0,1398.0,728.0,1429.0
C,447830,          Endomicrobiia,,,,,,,,2.0,,,,,,,,,,,,,,,,,,,,,,,,,,2.0,,2.0,,,,,,,
P,456828,          Candidatus Cloacimonadota,,,,,,,,,,,,,,,,,,,,,,,,2.0,,,,,,,,,,,,,,,,,,,
C,475962,          Caldilineae,125.0,146.0,166.0,169.0,161.0,174.0,156.0,175.0,105.0,207.0,179.0,166.0,431.0,331.0,341.0,60.0,62.0,85.0,155.0,86.0,87.0,160.0,121.0,98.0,127.0,170.0,171.0,92.0,78.0,107.0,160.0,111.0,135.0,143.0,120.0,126.0,134.0,169.0,132.0,141.0,173.0,116.0,130.0
P,508458,        Synergistota,2.0,10.0,2.0,6.0,2.0,6.0,21.0,17.0,3.0,14.0,2.0,6.0,34.0,26.0,10.0,2.0,,,6.0,7.0,,6.0,6.0,7.0,3.0,4.0,5.0,7.0,4.0,5.0,3.0,6.0,12.0,13.0,5.0,4.0,9.0,7.0,5.0,2.0,4.0,7.0,6.0
C,526524,          Erysipelotrichia,19.0,13.0,76.0,80.0,57.0,144.0,226.0,85.0,86.0,337.0,211.0,9.0,193.0,398.0,1022.0,43.0,29.0,36.0,141.0,202.0,32.0,49.0,96.0,104.0,136.0,191.0,3.0,14.0,3.0,24.0,65.0,19.0,22.0,36.0,191.0,52.0,30.0,46.0,45.0,27.0,57.0,397.0,93.0
C,533205,          Holophagae,78.0,148.0,123.0,364.0,218.0,263.0,460.0,378.0,184.0,336.0,360.0,401.0,763.0,604.0,674.0,61.0,41.0,44.0,168.0,112.0,126.0,216.0,141.0,115.0,183.0,224.0,215.0,132.0,117.0,172.0,249.0,139.0,236.0,274.0,271.0,254.0,378.0,349.0,378.0,170.0,199.0,181.0,319.0
P,544448,        Mycoplasmatota,,,,,,,,,,5.0,,,66.0,,86.0,,,,,,,8.0,,3.0,,9.0,,,,2.0,,,,,,,,,,,,,
C,580370,          Candidatius Mariprofundia,,,,,,3.0,,,3.0,,,,5.0,,,,,,2.0,,,,,,,,,,,,2.0,,,,,,5.0,,,,,,
C,641853,          Elusimicrobia,,,,,,3.0,,,,,3.0,,5.0,2.0,,,,,,,,,,,,,,,,,,,,,,,,2.0,,,,,
C,649775,          Synergistia,2.0,10.0,2.0,6.0,2.0,6.0,21.0,17.0,3.0,14.0,2.0,6.0,34.0,26.0,10.0,2.0,,,6.0,7.0,,6.0,6.0,7.0,3.0,4.0,5.0,7.0,4.0,5.0,3.0,6.0,12.0,13.0,5.0,4.0,9.0,7.0,5.0,2.0,4.0,7.0,6.0
P,651137,        Nitrososphaerota,3315.0,5361.0,5160.0,6555.0,9636.0,9001.0,9936.0,8401.0,5601.0,6608.0,7108.0,7091.0,5355.0,4997.0,5484.0,1020.0,745.0,917.0,2419.0,2539.0,1137.0,3202.0,2116.0,1476.0,2541.0,3276.0,1946.0,1334.0,1660.0,2326.0,2789.0,1020.0,1968.0,2019.0,2591.0,1410.0,2497.0,2390.0,2492.0,2168.0,3266.0,1487.0,3142.0
C,666505,            Phycisphaerae,54.0,108.0,84.0,66.0,76.0,62.0,93.0,75.0,74.0,68.0,82.0,90.0,281.0,265.0,460.0,51.0,25.0,37.0,46.0,32.0,42.0,65.0,35.0,41.0,57.0,67.0,40.0,98.0,99.0,344.0,99.0,69.0,75.0,103.0,76.0,84.0,99.0,91.0,108.0,52.0,47.0,72.0,92.0
C,768503,              Cytophagia,10521.0,9557.0,13594.0,16838.0,28286.0,27835.0,11732.0,12164.0,15168.0,16780.0,13487.0,13320.0,3299.0,3037.0,2791.0,5109.0,7301.0,6678.0,10421.0,25960.0,28054.0,18402.0,11941.0,19066.0,16423.0,16722.0,16210.0,2153.0,3325.0,2638.0,6380.0,7256.0,8171.0,7759.0,9720.0,8500.0,8472.0,7805.0,8207.0,17634.0,12855.0,8597.0,6352.0
C,795747,              Ignavibacteria,48.0,74.0,61.0,96.0,97.0,112.0,142.0,138.0,77.0,197.0,171.0,157.0,397.0,299.0,301.0,26.0,8.0,20.0,57.0,43.0,24.0,64.0,59.0,47.0,80.0,86.0,65.0,40.0,54.0,54.0,91.0,39.0,72.0,107.0,82.0,82.0,89.0,118.0,101.0,58.0,72.0,50.0,91.0
C,908620,          Nitriliruptoria,14.0,29.0,20.0,20.0,46.0,127.0,91.0,89.0,51.0,113.0,63.0,64.0,225.0,119.0,66.0,14.0,15.0,8.0,45.0,31.0,42.0,63.0,40.0,53.0,33.0,43.0,58.0,16.0,14.0,36.0,37.0,25.0,54.0,77.0,32.0,38.0,57.0,100.0,108.0,35.0,24.0,59.0,43.0
C,909932,          Negativicutes,27.0,32.0,27.0,33.0,18.0,51.0,50.0,57.0,30.0,19.0,109.0,28.0,118.0,173.0,248.0,56.0,21.0,27.0,18.0,20.0,27.0,18.0,32.0,20.0,32.0,49.0,24.0,15.0,12.0,11.0,31.0,15.0,38.0,34.0,19.0,41.0,54.0,22.0,13.0,15.0,33.0,10.0,41.0
C,1042312,          Armatimonadia,2.0,,,2.0,,2.0,2.0,4.0,,4.0,3.0,,2.0,5.0,6.0,,,,6.0,3.0,14.0,5.0,3.0,,5.0,,3.0,,,2.0,4.0,,,2.0,2.0,,,2.0,3.0,,,,3.0
C,1077257,          Chthonomonadia,,,,,,,,,,,,,3.0,,,,,,,,,,,,,,,,,,,,2.0,,3.0,,,,,,,2.0,4.0
P,1134404,            Ignavibacteriota,48.0,74.0,61.0,96.0,97.0,112.0,142.0,138.0,77.0,197.0,171.0,157.0,397.0,299.0,301.0,26.0,8.0,20.0,57.0,43.0,24.0,64.0,59.0,47.0,80.0,86.0,65.0,40.0,54.0,54.0,91.0,39.0,72.0,107.0,82.0,82.0,89.0,118.0,101.0,58.0,72.0,50.0,91.0
P,1154676,        Vulcanimicrobiota,3.0,2.0,3.0,6.0,,5.0,3.0,,5.0,7.0,5.0,21.0,6.0,10.0,10.0,2.0,,,2.0,6.0,2.0,4.0,5.0,2.0,,14.0,2.0,,3.0,2.0,7.0,2.0,4.0,2.0,2.0,6.0,11.0,7.0,11.0,6.0,8.0,9.0,13.0
P,1293497,          Nitrospinota,,,,,4.0,,,,,7.0,7.0,,,3.0,,,,,,,,,,2.0,,,,2.0,,,,,,2.0,,,4.0,,,,,,
C,1293498,            Nitrospinia,,,,,4.0,,,,,7.0,7.0,,,3.0,,,,,,,,,,2.0,,,,2.0,,,,,,2.0,,,4.0,,,,,,
C,1313211,            Lentisphaeria,,,,,,,,,,,,,,,,,,,,,,,,,,,,,2.0,,,,,,,,,,,,,,
P7,1338369,                              Dipnotetrapodomorpha,43924.0,52082.0,50821.0,61483.0,53044.0,54990.0,72257.0,50995.0,43654.0,55271.0,50563.0,49945.0,90220.0,79380.0,81573.0,34824.0,32940.0,34108.0,50283.0,36188.0,42120.0,48286.0,40631.0,39634.0,44621.0,49941.0,44362.0,41943.0,45625.0,52766.0,49599.0,41769.0,49580.0,51458.0,50999.0,47177.0,56742.0,54753.0,57359.0,42948.0,46732.0,47633.0,56854.0
C,1382928,          Ardenticatenia,25.0,33.0,38.0,28.0,41.0,26.0,30.0,23.0,30.0,38.0,28.0,32.0,84.0,42.0,51.0,13.0,12.0,11.0,26.0,19.0,22.0,34.0,21.0,30.0,23.0,27.0,16.0,18.0,12.0,23.0,27.0,17.0,22.0,25.0,19.0,17.0,39.0,31.0,27.0,13.0,18.0,12.0,37.0
C,1495646,          Thermoflexia,,4.0,2.0,4.0,3.0,3.0,3.0,2.0,5.0,3.0,,3.0,9.0,4.0,8.0,,,,4.0,2.0,,2.0,2.0,,2.0,3.0,5.0,,3.0,4.0,7.0,,2.0,3.0,6.0,3.0,3.0,2.0,9.0,,3.0,3.0,5.0
C,1497346,          Thermoleophilia,3964.0,5393.0,5168.0,6764.0,6480.0,7509.0,12284.0,9489.0,7605.0,9982.0,9440.0,10655.0,30013.0,25420.0,25817.0,3694.0,2841.0,3829.0,5929.0,4896.0,4929.0,8476.0,6845.0,5763.0,7649.0,8986.0,8693.0,6845.0,6966.0,8539.0,8690.0,6193.0,8310.0,11745.0,10843.0,10593.0,13431.0,12311.0,13463.0,7703.0,8265.0,8404.0,11292.0
C,1553900,          Oligoflexia,,2.0,,,,,,,,,,2.0,,,3.0,,,,,,,,,,,,,,,,,,,,,,,,2.0,,,,
C,1643678,          Nitrososphaeria,3315.0,5361.0,5160.0,6555.0,9636.0,9001.0,9936.0,8401.0,5601.0,6608.0,7108.0,7091.0,5355.0,4997.0,5484.0,1020.0,745.0,917.0,2419.0,2539.0,1137.0,3202.0,2116.0,1476.0,2541.0,3276.0,1946.0,1334.0,1660.0,2326.0,2789.0,1020.0,1968.0,2019.0,2591.0,1410.0,2497.0,2390.0,2492.0,2168.0,3266.0,1487.0,3142.0
C,1663419,          Fimbriimonadia,16.0,17.0,28.0,47.0,24.0,37.0,40.0,35.0,40.0,77.0,51.0,50.0,20.0,19.0,20.0,6.0,12.0,16.0,47.0,35.0,48.0,36.0,31.0,34.0,22.0,45.0,24.0,5.0,6.0,21.0,23.0,40.0,34.0,33.0,38.0,36.0,26.0,34.0,32.0,25.0,25.0,26.0,19.0
C,1676648,          Limnochordia,2.0,3.0,5.0,3.0,12.0,5.0,11.0,8.0,5.0,5.0,3.0,4.0,34.0,15.0,15.0,,2.0,2.0,3.0,,,9.0,,3.0,3.0,11.0,4.0,4.0,4.0,5.0,6.0,4.0,10.0,4.0,6.0,5.0,14.0,4.0,6.0,3.0,3.0,,5.0
C,1737404,          Tissierellia,4.0,10.0,5.0,15.0,,3.0,,,,48.0,,13.0,,52.0,,3.0,5.0,7.0,10.0,7.0,82.0,29.0,8.0,51.0,12.0,,9.0,6.0,4.0,3.0,5.0,23.0,28.0,6.0,26.0,8.0,14.0,35.0,,7.0,9.0,10.0,
P,1752724,              Minisyncoccota,,,,,,,,,,,,,,2.0,,,,,,,,,,,,,,,,,,,,,,,,,,,,,
R4,1783234,        Bacteria candidate phyla,,,2.0,6.0,10.0,6.0,2.0,2.0,,,5.0,,45.0,21.0,19.0,2.0,,,,,,3.0,,,6.0,2.0,4.0,9.0,14.0,10.0,5.0,,,11.0,,,5.0,2.0,10.0,,,2.0,8.0
K1,1783257,        PVC group,16262.0,20837.0,19998.0,13802.0,14428.0,15003.0,19556.0,15358.0,12138.0,15913.0,14794.0,14697.0,30450.0,26136.0,25774.0,12319.0,12151.0,13015.0,12957.0,11817.0,10806.0,13817.0,11465.0,9945.0,12682.0,14734.0,12870.0,13006.0,13671.0,15971.0,16426.0,15640.0,17920.0,15547.0,15778.0,13850.0,15723.0,15861.0,16356.0,13334.0,13592.0,16816.0,15734.0
K1,1783270,        FCB group,113200.0,128489.0,143752.0,160849.0,153193.0,154382.0,102521.0,99094.0,133057.0,126342.0,98682.0,102631.0,146087.0,117453.0,111714.0,133390.0,167579.0,162401.0,189026.0,182465.0,233456.0,123967.0,103059.0,132787.0,89325.0,99961.0,117365.0,1097971.0,1426909.0,1123562.0,514447.0,435816.0,306002.0,219409.0,197735.0,144026.0,120620.0,119648.0,111999.0,104860.0,100646.0,394367.0,289609.0
K,1783272,      Bacillati,560395.0,647253.0,664792.0,402022.0,309723.0,325168.0,492419.0,377021.0,277866.0,356023.0,323483.0,344337.0,691222.0,570958.0,550895.0,819087.0,637598.0,802325.0,378031.0,257256.0,221880.0,305731.0,232345.0,202521.0,245688.0,273998.0,254173.0,1775374.0,1845201.0,1632387.0,466696.0,321855.0,340813.0,364829.0,322395.0,311201.0,335621.0,323629.0,322815.0,313233.0,346238.0,486175.0,479328.0
R5,1783273,          Patescibacteria group,,,,,,,,,,,,,,2.0,,,,,,,,,,,,,,,,,,,,,,,,,,,,,
K,1783275,      Thermoproteati,3315.0,5361.0,5160.0,6555.0,9636.0,9001.0,9936.0,8403.0,5601.0,6610.0,7108.0,7094.0,5357.0,4999.0,5484.0,1020.0,747.0,917.0,2419.0,2539.0,1137.0,3202.0,2116.0,1476.0,2541.0,3276.0,1946.0,1334.0,1660.0,2326.0,2789.0,1020.0,1968.0,2019.0,2591.0,1410.0,2497.0,2390.0,2492.0,2168.0,3268.0,1487.0,3142.0
R6,1794810,            Microgenomates group,,,,,,,,,,,,,,2.0,,,,,,,,,,,,,,,,,,,,,,,,,,,,,
K1,1798711,        Cyanobacteriota/Melainabacteria group,5745.0,5567.0,7328.0,9318.0,10647.0,11247.0,10215.0,11125.0,11511.0,14687.0,12120.0,12182.0,28249.0,25376.0,25778.0,5488.0,5604.0,5632.0,9169.0,8740.0,9814.0,11367.0,9360.0,9600.0,10724.0,11771.0,11372.0,6167.0,6685.0,7897.0,8990.0,8317.0,10178.0,10499.0,11017.0,9248.0,11435.0,11300.0,11516.0,9145.0,9416.0,9999.0,9754.0
K1,1802340,        Nitrospinota/Tectimicrobiota group,,,,,4.0,,,,,7.0,7.0,,,3.0,,,,,,,,,,2.0,,,,2.0,,,,,,2.0,,,4.0,,,,,,
C,1804991,            Longimicrobiia,19.0,33.0,41.0,48.0,54.0,47.0,67.0,56.0,27.0,50.0,60.0,48.0,112.0,81.0,90.0,8.0,9.0,11.0,31.0,17.0,22.0,28.0,28.0,18.0,15.0,45.0,25.0,11.0,15.0,24.0,53.0,20.0,47.0,29.0,32.0,27.0,46.0,48.0,51.0,31.0,30.0,30.0,50.0
C,1807140,          Acidithiobacillia,116.0,287.0,123.0,318.0,158.0,352.0,514.0,187.0,240.0,405.0,407.0,495.0,892.0,699.0,853.0,78.0,64.0,61.0,309.0,137.0,120.0,143.0,122.0,105.0,97.0,123.0,103.0,98.0,151.0,150.0,247.0,214.0,292.0,206.0,192.0,234.0,404.0,235.0,332.0,86.0,171.0,164.0,323.0
C,1813735,          Vicinamibacteria,15735.0,16719.0,16918.0,14313.0,12385.0,12870.0,18372.0,15118.0,13493.0,17615.0,15846.0,16105.0,12737.0,11126.0,10916.0,14630.0,16012.0,18760.0,11693.0,13328.0,13538.0,15792.0,13775.0,12869.0,14329.0,15643.0,16162.0,4761.0,4747.0,6497.0,8443.0,6717.0,8185.0,9686.0,8951.0,9004.0,11163.0,11029.0,11260.0,18628.0,18632.0,9342.0,11394.0
P,1853220,            Rhodothermota,3544.0,3497.0,1735.0,258.0,530.0,624.0,545.0,634.0,534.0,683.0,546.0,610.0,204.0,172.0,215.0,567.0,791.0,365.0,267.0,272.0,264.0,360.0,286.0,261.0,308.0,327.0,394.0,76.0,79.0,83.0,158.0,182.0,196.0,174.0,165.0,151.0,201.0,161.0,149.0,284.0,314.0,207.0,176.0
C,1853221,              Balneolia,,,,7.0,17.0,,,,7.0,9.0,13.0,5.0,,12.0,11.0,,,,15.0,8.0,,15.0,19.0,,,,18.0,,,,,8.0,8.0,,,,,12.0,6.0,11.0,12.0,,
C,1853222,              Rhodothermia,3544.0,3497.0,1735.0,258.0,530.0,624.0,545.0,634.0,534.0,683.0,546.0,610.0,204.0,172.0,215.0,567.0,791.0,365.0,267.0,272.0,264.0,360.0,286.0,261.0,308.0,327.0,394.0,76.0,79.0,83.0,158.0,182.0,196.0,174.0,165.0,151.0,201.0,161.0,149.0,284.0,314.0,207.0,176.0
C,1853228,              Chitinophagia,9926.0,10961.0,13354.0,40235.0,33285.0,33869.0,23803.0,24155.0,25747.0,25295.0,19474.0,21686.0,5730.0,5272.0,4917.0,11459.0,13290.0,13399.0,49567.0,59788.0,76203.0,39404.0,32817.0,38018.0,32101.0,31584.0,29127.0,5555.0,7762.0,7406.0,32432.0,46787.0,46235.0,34937.0,38143.0,33058.0,31042.0,29638.0,30236.0,28567.0,26039.0,34182.0,22064.0
C,1921781,            Kiritimatiellia,,922.0,,690.0,,829.0,1329.0,932.0,,1101.0,,,2298.0,2444.0,1869.0,,,,,,556.0,942.0,721.0,,,,792.0,644.0,674.0,501.0,907.0,611.0,974.0,,822.0,782.0,1029.0,890.0,956.0,763.0,,896.0,772.0
P,1930617,        Calditrichota,3.0,2.0,,3.0,2.0,,3.0,,,3.0,11.0,,11.0,3.0,9.0,,2.0,,2.0,2.0,,6.0,,,,3.0,,,,,4.0,,,3.0,2.0,4.0,4.0,2.0,5.0,3.0,2.0,,4.0
K,1935183,      Promethearchaeati,,,,,,,,,,,,,3.0,,,,,,,,,,,,,,,,,,,,,,,,,,,,,,
P,1936987,            Balneolota,,,,7.0,17.0,,,,7.0,9.0,13.0,5.0,,12.0,11.0,,,,15.0,8.0,,15.0,19.0,,,,18.0,,,,,8.0,8.0,,,,,12.0,6.0,11.0,12.0,,
C,1937959,              Saprospiria,353.0,270.0,255.0,491.0,594.0,677.0,664.0,764.0,900.0,1523.0,1109.0,1167.0,282.0,262.0,209.0,120.0,130.0,170.0,407.0,533.0,548.0,666.0,507.0,597.0,600.0,688.0,654.0,45.0,52.0,81.0,261.0,262.0,289.0,349.0,314.0,278.0,310.0,282.0,335.0,643.0,560.0,261.0,236.0
C,1955630,            Methylacidiphilae,,,,,,,3.0,,,2.0,,,38.0,39.0,,,,,,,,,,,78.0,,,,,,,,127.0,,,77.0,,,,,,,
C,1962850,          Calditrichia,3.0,2.0,,3.0,2.0,,3.0,,,3.0,11.0,,11.0,3.0,9.0,,2.0,,2.0,2.0,,6.0,,,,3.0,,,,,4.0,,,3.0,2.0,4.0,4.0,2.0,5.0,3.0,2.0,,4.0
C,2008785,          Hydrogenophilia,,12.0,,,12.0,,,,25.0,,48.0,35.0,82.0,,,,6.0,,,,,,,,,,,,,5.0,,,,,,,36.0,11.0,,,9.0,7.0,
C,2093818,            Candidatus Saccharimonadia,,,2.0,6.0,7.0,,,2.0,,,,,26.0,15.0,14.0,,,,,,,,,,4.0,,,6.0,14.0,8.0,5.0,,,11.0,,,5.0,,10.0,,,,3.0
P,2138240,        Coprothermobacterota,,,,,,,,,,,,,,,,,,,,,,,,45.0,,,,,,,,,,,,,,,,,,,
C,2138243,          Coprothermobacteria,,,,,,,,,,,,,,,,,,,,,,,,45.0,,,,,,,,,,,,,,,,,,,
P1,2283794,          Methanomada group,8.0,2.0,13.0,2.0,10.0,9.0,10.0,,11.0,16.0,141.0,2.0,14.0,14.0,12.0,7.0,4.0,12.0,3.0,9.0,9.0,4.0,4.0,8.0,5.0,9.0,2.0,11.0,16.0,13.0,2.0,2.0,7.0,15.0,12.0,12.0,2.0,9.0,3.0,4.0,6.0,13.0,5.0
P,2283796,        Thermoplasmatota,,,,,,2.0,,,,,,,5.0,4.0,11.0,,,,,,,2.0,,,2.0,,,2.0,6.0,,,,2.0,2.0,,,2.0,,,3.0,,,2.0
P1,2290931,          Stenosarchaea group,108.0,163.0,158.0,192.0,154.0,161.0,221.0,181.0,161.0,199.0,177.0,161.0,526.0,411.0,470.0,100.0,156.0,149.0,180.0,147.0,190.0,175.0,233.0,238.0,162.0,243.0,157.0,236.0,231.0,213.0,231.0,223.0,220.0,202.0,226.0,195.0,203.0,272.0,220.0,160.0,153.0,257.0,204.0
C,2364196,          Candidatus Thermofontia,9.0,10.0,16.0,10.0,7.0,12.0,22.0,15.0,7.0,9.0,16.0,9.0,31.0,13.0,28.0,5.0,3.0,4.0,7.0,3.0,,10.0,5.0,,8.0,5.0,7.0,3.0,10.0,14.0,21.0,3.0,10.0,11.0,11.0,10.0,13.0,19.0,14.0,5.0,5.0,6.0,16.0
C,2497643,            Candidatus Babeliae,,,,,3.0,,,,,,,,,,,2.0,,,,,,,,,,,4.0,,,2.0,,,,,,,,2.0,,,,,5.0
C,2517206,            Candidatus Brocadiia,15.0,25.0,18.0,18.0,27.0,23.0,27.0,29.0,15.0,22.0,41.0,21.0,104.0,119.0,94.0,7.0,2.0,10.0,16.0,18.0,10.0,19.0,7.0,8.0,20.0,11.0,13.0,49.0,36.0,49.0,41.0,17.0,32.0,35.0,50.0,35.0,54.0,57.0,33.0,13.0,25.0,20.0,45.0
R2,2559587,    Riboviria,,,,,,,,5.0,11.0,31.0,3.0,19.0,46.0,12.0,7.0,29.0,7.0,6.0,,2.0,13.0,7.0,21.0,14.0,23.0,6.0,12.0,9.0,19.0,9.0,23.0,9.0,8.0,6.0,5.0,14.0,10.0,18.0,7.0,7.0,4.0,3.0,5.0
C,2682225,          Tepidiformia,30.0,76.0,48.0,59.0,63.0,72.0,66.0,70.0,36.0,48.0,75.0,75.0,147.0,138.0,122.0,19.0,12.0,25.0,29.0,24.0,7.0,49.0,23.0,23.0,27.0,42.0,24.0,56.0,47.0,89.0,69.0,39.0,55.0,66.0,40.0,30.0,72.0,66.0,92.0,35.0,34.0,31.0,78.0
R5,2696291,          Ochrophyta,24.0,11.0,20.0,5.0,8.0,15.0,2.0,15.0,18.0,33.0,6.0,18.0,34.0,47.0,44.0,14.0,29.0,15.0,12.0,10.0,27.0,12.0,10.0,25.0,20.0,19.0,17.0,17.0,16.0,16.0,10.0,6.0,10.0,11.0,17.0,13.0,13.0,16.0,15.0,15.0,17.0,20.0,18.0
R3,2698737,      Sar,24.0,11.0,20.0,5.0,8.0,15.0,2.0,15.0,18.0,33.0,6.0,18.0,34.0,47.0,44.0,14.0,29.0,15.0,12.0,10.0,27.0,12.0,10.0,25.0,20.0,19.0,17.0,17.0,16.0,16.0,10.0,6.0,10.0,11.0,17.0,13.0,13.0,16.0,15.0,15.0,17.0,20.0,18.0
R2,2731341,    Duplodnaviria,7.0,4.0,4.0,6.0,11.0,14.0,16.0,2.0,4.0,5.0,5.0,12.0,54.0,57.0,84.0,3.0,13.0,7.0,6.0,,5.0,5.0,8.0,7.0,5.0,5.0,8.0,42.0,38.0,30.0,41.0,18.0,31.0,34.0,41.0,13.0,50.0,30.0,36.0,9.0,11.0,59.0,58.0
R2,2731342,    Monodnaviria,,,,,,,,,23.0,22.0,,,14.0,,,3.0,3.0,,13.0,8.0,7.0,,7.0,13.0,14.0,14.0,,8.0,4.0,2.0,15.0,,9.0,13.0,9.0,12.0,,,,25.0,8.0,8.0,25.0
K,2731360,      Heunggongvirae,7.0,4.0,4.0,6.0,11.0,14.0,16.0,2.0,4.0,5.0,5.0,12.0,54.0,57.0,84.0,3.0,13.0,7.0,6.0,,5.0,5.0,8.0,7.0,5.0,5.0,8.0,42.0,38.0,30.0,41.0,18.0,31.0,34.0,41.0,13.0,50.0,30.0,36.0,9.0,11.0,59.0,58.0
P,2731361,        Peploviricota,,,,4.0,,,3.0,,,,,,3.0,2.0,3.0,,,,,,,,,,,,2.0,,,,,,,,,,2.0,,2.0,3.0,,,2.0
C,2731363,          Herviviricetes,,,,4.0,,,3.0,,,,,,3.0,2.0,3.0,,,,,,,,,,,,2.0,,,,,,,,,,2.0,,2.0,3.0,,,2.0
P,2731618,        Uroviricota,7.0,4.0,4.0,2.0,11.0,14.0,13.0,2.0,4.0,5.0,5.0,12.0,51.0,55.0,81.0,3.0,13.0,7.0,6.0,,5.0,5.0,8.0,7.0,5.0,5.0,6.0,42.0,38.0,30.0,41.0,18.0,31.0,34.0,41.0,13.0,48.0,30.0,34.0,6.0,11.0,59.0,56.0
C,2731619,            Caudoviricetes,7.0,4.0,4.0,2.0,11.0,14.0,13.0,2.0,4.0,5.0,5.0,12.0,51.0,55.0,81.0,3.0,13.0,7.0,6.0,,5.0,5.0,8.0,7.0,5.0,5.0,6.0,42.0,38.0,30.0,41.0,18.0,31.0,34.0,41.0,13.0,48.0,30.0,34.0,6.0,11.0,59.0,56.0
R2,2732004,    Varidnaviria,,,,4.0,3.0,,,,3.0,,,,9.0,3.0,4.0,2.0,,,,,3.0,2.0,3.0,2.0,,,3.0,,,4.0,7.0,3.0,2.0,2.0,3.0,,3.0,,,3.0,,2.0,
K,2732005,      Bamfordvirae,,,,4.0,3.0,,,,3.0,,,,9.0,3.0,4.0,2.0,,,,,3.0,2.0,3.0,2.0,,,3.0,,,4.0,7.0,3.0,2.0,2.0,3.0,,3.0,,,3.0,,2.0,
P,2732007,        Nucleocytoviricota,,,,4.0,3.0,,,,3.0,,,,9.0,3.0,4.0,2.0,,,,,3.0,2.0,3.0,2.0,,,3.0,,,4.0,7.0,3.0,2.0,2.0,3.0,,3.0,,,3.0,,2.0,
K,2732092,      Shotokuvirae,,,,,,,,,23.0,22.0,,,14.0,,,3.0,3.0,,13.0,8.0,7.0,,7.0,13.0,14.0,14.0,,8.0,4.0,2.0,15.0,,9.0,13.0,9.0,12.0,,,,25.0,8.0,8.0,25.0
K,2732397,      Pararnavirae,,,,,,,,5.0,11.0,31.0,3.0,19.0,46.0,12.0,7.0,29.0,7.0,6.0,,2.0,13.0,7.0,21.0,14.0,23.0,6.0,12.0,9.0,19.0,9.0,23.0,9.0,8.0,6.0,5.0,14.0,10.0,18.0,7.0,7.0,4.0,3.0,5.0
P,2732409,        Artverviricota,,,,,,,,5.0,11.0,31.0,3.0,19.0,46.0,12.0,7.0,29.0,7.0,6.0,,2.0,13.0,7.0,21.0,14.0,23.0,6.0,12.0,9.0,19.0,9.0,23.0,9.0,8.0,6.0,5.0,14.0,10.0,18.0,7.0,7.0,4.0,3.0,5.0
P,2732415,        Cossaviricota,,,,,,,,,23.0,22.0,,,14.0,,,3.0,3.0,,13.0,8.0,7.0,,7.0,13.0,14.0,14.0,,8.0,4.0,2.0,15.0,,9.0,13.0,9.0,12.0,,,,25.0,8.0,8.0,25.0
C,2732421,          Papovaviricetes,,,,,,,,,23.0,22.0,,,14.0,,,3.0,3.0,,13.0,8.0,7.0,,7.0,13.0,14.0,14.0,,8.0,4.0,2.0,15.0,,9.0,13.0,9.0,12.0,,,,25.0,8.0,8.0,25.0
C,2732514,          Revtraviricetes,,,,,,,,5.0,11.0,31.0,3.0,19.0,46.0,12.0,7.0,29.0,7.0,6.0,,2.0,13.0,7.0,21.0,14.0,23.0,6.0,12.0,9.0,19.0,9.0,23.0,9.0,8.0,6.0,5.0,14.0,10.0,18.0,7.0,7.0,4.0,3.0,5.0
C,2732523,          Megaviricetes,,,,4.0,3.0,,,,3.0,,,,9.0,3.0,4.0,2.0,,,,,3.0,2.0,3.0,,,,3.0,,,4.0,7.0,3.0,2.0,2.0,3.0,,3.0,,,3.0,,2.0,
C,2732525,          Pokkesviricetes,,,,,,,,,,,,,,,,,,,,,,,,2.0,,,,,,,,,,,,,,,,,,,
P1,2788786,          unclassified Uroviricota,7.0,4.0,4.0,2.0,11.0,14.0,13.0,2.0,4.0,5.0,5.0,12.0,51.0,55.0,81.0,3.0,13.0,7.0,6.0,,5.0,5.0,8.0,7.0,5.0,5.0,6.0,42.0,38.0,30.0,41.0,18.0,31.0,34.0,41.0,13.0,48.0,30.0,34.0,6.0,11.0,59.0,56.0
C,2811502,          Thermodesulfovibrionia,3.0,2.0,4.0,6.0,3.0,12.0,16.0,10.0,4.0,9.0,6.0,6.0,25.0,27.0,18.0,4.0,2.0,2.0,5.0,,2.0,9.0,,,2.0,11.0,5.0,3.0,8.0,2.0,13.0,,2.0,9.0,7.0,4.0,12.0,12.0,5.0,2.0,4.0,3.0,8.0
P,2818505,        Myxococcota,9548.0,16914.0,14795.0,36063.0,39133.0,40318.0,67928.0,43371.0,23152.0,37933.0,42659.0,42709.0,62463.0,49285.0,53258.0,5375.0,3294.0,5377.0,19467.0,14325.0,8256.0,19036.0,13339.0,8183.0,18161.0,23175.0,17674.0,14460.0,16221.0,23760.0,27537.0,11714.0,21605.0,24431.0,24465.0,21925.0,34372.0,32303.0,36143.0,13698.0,24417.0,11979.0,38110.0
C,2829293,          Vulcanimicrobiia,3.0,2.0,3.0,6.0,,5.0,3.0,,5.0,7.0,5.0,21.0,6.0,10.0,10.0,2.0,,,2.0,6.0,2.0,4.0,5.0,2.0,,14.0,2.0,,3.0,2.0,7.0,2.0,4.0,2.0,2.0,6.0,11.0,7.0,11.0,6.0,8.0,9.0,13.0
C,2840056,      Naldaviricetes,2.0,,3.0,,,,,2.0,,,,,,4.0,2.0,,,,,4.0,,2.0,,,,,,,,,,,,,,,2.0,,,,,,
C,2847774,          Atribacteria,,,,,,,,,,,,,,,,,,,,,,,,,,,,,2.0,,,,,2.0,,,,,,,,,
C,2907184,            Tichowtungiia,,,,,,,,,,,,,9.0,3.0,,,,,2.0,,,,2.0,,,,,,,,,,,2.0,,,,,,,,,
P,3018035,        Bdellovibrionota,22.0,16.0,25.0,53.0,31.0,26.0,67.0,132.0,206.0,68.0,27.0,14.0,90.0,92.0,70.0,49.0,33.0,47.0,37.0,30.0,26.0,120.0,308.0,266.0,19.0,23.0,15.0,75.0,59.0,48.0,25.0,20.0,28.0,37.0,44.0,39.0,37.0,37.0,39.0,39.0,51.0,58.0,33.0
C,3024408,          Syntrophobacteria,96.0,135.0,82.0,240.0,208.0,158.0,211.0,216.0,72.0,295.0,223.0,320.0,1020.0,920.0,929.0,70.0,23.0,57.0,131.0,68.0,100.0,156.0,118.0,71.0,90.0,302.0,271.0,89.0,179.0,84.0,189.0,69.0,200.0,176.0,134.0,213.0,234.0,263.0,362.0,67.0,163.0,85.0,223.0
C,3024418,          Desulfobacteria,93.0,147.0,105.0,221.0,303.0,400.0,346.0,366.0,143.0,362.0,345.0,309.0,2070.0,2140.0,1748.0,65.0,64.0,80.0,143.0,99.0,102.0,120.0,121.0,93.0,187.0,197.0,183.0,312.0,263.0,367.0,353.0,290.0,298.0,346.0,543.0,439.0,491.0,583.0,672.0,189.0,251.0,259.0,305.0
P,3027942,        Thermomicrobiota,12.0,14.0,17.0,13.0,8.0,15.0,19.0,15.0,9.0,12.0,14.0,15.0,25.0,22.0,25.0,6.0,6.0,9.0,9.0,4.0,5.0,14.0,7.0,8.0,12.0,18.0,15.0,10.0,11.0,16.0,7.0,12.0,16.0,14.0,5.0,10.0,11.0,11.0,9.0,7.0,12.0,6.0,12.0
C,3028117,            Cyanophyceae,5745.0,5567.0,7328.0,9318.0,10647.0,11247.0,10215.0,11125.0,11511.0,14687.0,12120.0,12182.0,28249.0,25376.0,25778.0,5488.0,5604.0,5632.0,9169.0,8740.0,9814.0,11367.0,9360.0,9600.0,10724.0,11771.0,11372.0,6167.0,6685.0,7897.0,8990.0,8317.0,10178.0,10499.0,11017.0,9248.0,11435.0,11300.0,11516.0,9145.0,9416.0,9999.0,9754.0
C,3031418,          Bdellovibrionia,15.0,8.0,21.0,42.0,28.0,20.0,61.0,128.0,190.0,60.0,20.0,9.0,67.0,79.0,58.0,33.0,27.0,33.0,32.0,27.0,21.0,118.0,305.0,247.0,17.0,19.0,11.0,39.0,42.0,34.0,22.0,16.0,25.0,29.0,32.0,28.0,34.0,37.0,35.0,28.0,42.0,46.0,25.0
C,3031419,          Bacteriovoracia,7.0,6.0,4.0,11.0,3.0,6.0,6.0,4.0,16.0,8.0,7.0,3.0,22.0,13.0,9.0,16.0,6.0,14.0,5.0,3.0,5.0,2.0,3.0,19.0,2.0,4.0,4.0,36.0,17.0,14.0,3.0,4.0,3.0,8.0,12.0,11.0,3.0,,2.0,11.0,9.0,12.0,8.0
C,3031449,          Desulfovibrionia,187.0,218.0,172.0,543.0,262.0,970.0,1684.0,1139.0,286.0,423.0,497.0,689.0,3442.0,3169.0,2609.0,130.0,121.0,64.0,331.0,232.0,246.0,259.0,310.0,401.0,292.0,419.0,188.0,365.0,291.0,573.0,495.0,229.0,538.0,519.0,876.0,557.0,817.0,691.0,618.0,227.0,291.0,356.0,664.0
C,3031450,          Candidatus Desulfofervidia,,,,,3.0,,,,,,,,11.0,5.0,6.0,,,,,,,,,,,,,,,2.0,,,,2.0,,2.0,3.0,,,,,,2.0
C,3031451,          Desulfobulbia,4.0,15.0,15.0,91.0,180.0,36.0,138.0,150.0,57.0,150.0,83.0,136.0,311.0,540.0,826.0,4.0,,20.0,73.0,73.0,,23.0,14.0,6.0,18.0,14.0,7.0,35.0,18.0,43.0,57.0,60.0,28.0,127.0,207.0,11.0,42.0,232.0,181.0,11.0,123.0,91.0,66.0
C,3031646,          Desulfarculia,,59.0,60.0,3.0,115.0,34.0,81.0,106.0,96.0,154.0,10.0,143.0,290.0,232.0,303.0,2.0,2.0,17.0,3.0,81.0,,44.0,,83.0,4.0,59.0,8.0,57.0,2.0,3.0,53.0,34.0,100.0,67.0,57.0,136.0,86.0,97.0,114.0,113.0,126.0,54.0,113.0
C,3031647,          Desulfobaccia,3.0,4.0,4.0,5.0,3.0,6.0,8.0,12.0,3.0,4.0,7.0,,28.0,29.0,40.0,,3.0,3.0,7.0,5.0,,3.0,2.0,2.0,3.0,2.0,5.0,7.0,7.0,8.0,5.0,6.0,11.0,7.0,7.0,3.0,15.0,5.0,9.0,3.0,2.0,11.0,11.0
C,3031648,          Syntrophia,7.0,26.0,10.0,47.0,22.0,15.0,28.0,20.0,34.0,61.0,26.0,32.0,220.0,139.0,156.0,7.0,9.0,11.0,11.0,9.0,15.0,21.0,6.0,10.0,40.0,15.0,3.0,13.0,45.0,36.0,51.0,18.0,10.0,39.0,26.0,32.0,52.0,50.0,33.0,5.0,30.0,16.0,33.0
C,3031650,          Desulfomonilia,6.0,10.0,6.0,11.0,8.0,2.0,6.0,2.0,5.0,5.0,2.0,2.0,39.0,33.0,28.0,5.0,2.0,,3.0,4.0,2.0,3.0,3.0,4.0,7.0,5.0,4.0,17.0,11.0,9.0,6.0,9.0,7.0,15.0,12.0,7.0,11.0,10.0,10.0,5.0,8.0,5.0,12.0
C,3031651,          Desulfuromonadia,403.0,439.0,549.0,1177.0,2457.0,2776.0,3979.0,1809.0,2786.0,2077.0,3089.0,2379.0,7260.0,7598.0,6292.0,168.0,168.0,234.0,1264.0,687.0,478.0,1500.0,1284.0,447.0,1135.0,1566.0,810.0,454.0,674.0,713.0,1095.0,804.0,1545.0,1618.0,1698.0,1488.0,2057.0,1848.0,2384.0,1045.0,982.0,684.0,2366.0
C,3031852,          Epsilonproteobacteria,79.0,67.0,88.0,144.0,286.0,324.0,570.0,149.0,148.0,220.0,152.0,181.0,288.0,501.0,567.0,23.0,23.0,37.0,83.0,70.0,136.0,72.0,60.0,78.0,80.0,76.0,95.0,14.0,21.0,32.0,44.0,86.0,104.0,65.0,74.0,109.0,114.0,48.0,101.0,37.0,51.0,41.0,62.0
C,3039863,            Candidatus Cloacimonadia,,,,,,,,,,,,,,,,,,,,,,,,2.0,,,,,,,,,,,,,,,,,,,
C,3118669,          Magnetococcia,,2.0,,,,,,,,2.0,,,,,,,,,,,,,,,,,,,,,2.0,2.0,,,,,,,,2.0,,,
C,3120113,                Minisyncoccia,,,,,,,,,,,,,,2.0,,,,,,,,,,,,,,,,,,,,,,,,,,,,,
C,3121607,            Candidatus Bipolaricaulia,,,,,,6.0,2.0,,,,5.0,,18.0,4.0,5.0,,,,,,,3.0,,,2.0,2.0,,3.0,,,,,,,,,,,,,,2.0,
K,3366610,      Methanobacteriati,117.0,165.0,172.0,196.0,164.0,172.0,232.0,181.0,172.0,219.0,318.0,163.0,546.0,431.0,494.0,110.0,160.0,161.0,183.0,157.0,199.0,184.0,238.0,246.0,170.0,252.0,160.0,249.0,253.0,227.0,233.0,225.0,230.0,223.0,238.0,207.0,207.0,281.0,223.0,167.0,160.0,271.0,211.0
P,3366641,        Promethearchaeota,,,,,,,,,,,,,3.0,,,,,,,,,,,,,,,,,,,,,,,,,,,,,,
C,3366642,          Promethearchaeia,,,,,,,,,,,,,3.0,,,,,,,,,,,,,,,,,,,,,,,,,,,,,,
C,3377525,            Fidelibacteria,,,2.0,7.0,3.0,,,6.0,,7.0,9.0,,4.0,8.0,10.0,,2.0,,2.0,8.0,2.0,6.0,2.0,,,7.0,2.0,,,,3.0,2.0,,3.0,,,,8.0,,,5.0,3.0,
K,3379134,      Pseudomonadati,6029455.0,5841858.0,5631632.0,5718159.0,4917517.0,5183234.0,5858404.0,5362831.0,5280347.0,4381174.0,3883756.0,3949816.0,3626760.0,3122498.0,3214398.0,8653333.0,8385003.0,8511837.0,6788361.0,5740650.0,6686624.0,7549537.0,6316366.0,6660552.0,5384924.0,5897736.0,5999659.0,8566728.0,9686046.0,8579330.0,6698539.0,7053863.0,6746706.0,6733565.0,6328425.0,5781170.0,5534323.0,5462823.0,5395151.0,6500095.0,6612947.0,7714337.0,6614881.0
K,3384189,      Fusobacteriati,2.0,2.0,6.0,3.0,9.0,4.0,8.0,2.0,5.0,9.0,20.0,2.0,7.0,3.0,6.0,4.0,6.0,5.0,,7.0,6.0,6.0,4.0,6.0,9.0,5.0,7.0,4.0,3.0,9.0,5.0,,3.0,4.0,7.0,,7.0,2.0,,4.0,4.0,3.0,7.0
K,3384194,      Thermotogati,14182.0,16652.0,13978.0,816.0,416.0,410.0,767.0,524.0,432.0,444.0,353.0,362.0,1932.0,1231.0,1275.0,11839.0,10953.0,11433.0,1369.0,546.0,334.0,683.0,441.0,366.0,436.0,298.0,272.0,12951.0,12760.0,13806.0,2954.0,1556.0,1052.0,1193.0,756.0,695.0,536.0,481.0,407.0,1399.0,1199.0,2947.0,2787.0
R2,3403061,    Viruses incertae sedis,2.0,,3.0,,,,,2.0,,,,,,4.0,2.0,,,,,4.0,,2.0,,,,,,,,,,,,,,,2.0,,,,,,
