taxlevel,taxid,taxa,W134-25PVC-3-17_kraken2_bracken_orders.report,W133-25PVC-2-17_kraken2_bracken_orders.report,W132-25PVC-1-17_kraken2_bracken_orders.report,W131-25PET-3-17_kraken2_bracken_orders.report,W130-25PET-2-17_kraken2_bracken_orders.report,W129-25PET-1-17_kraken2_bracken_orders.report,W128-25PE0.6-3-17_kraken2_bracken_orders.report,W127-25PE0.6-2-17_kraken2_bracken_orders.report,W126-25PE0.6-1-17_kraken2_bracken_orders.report,W125-25S-3-17_kraken2_bracken_orders.report,W124-25S-2-17_kraken2_bracken_orders.report,W123-25S-1-17_kraken2_bracken_orders.report,Q66-25S-3-0_kraken2_bracken_orders.report,Q65-25S-2-0_kraken2_bracken_orders.report,Q64-25S-1-0_kraken2_bracken_orders.report,Q63-25PVC-3-11_kraken2_bracken_orders.report,Q62-25PVC-2-11_kraken2_bracken_orders.report,Q61-25PVC-1-11_kraken2_bracken_orders.report,Q60-25PET-3-11_kraken2_bracken_orders.report,Q59-25PET-2-11_kraken2_bracken_orders.report,Q58-25PET-1-11_kraken2_bracken_orders.report,Q57-25PE0.6-3-11_kraken2_bracken_orders.report,Q56-25PE0.6-2-11_kraken2_bracken_orders.report,Q55-25PE0.6-1-11_kraken2_bracken_orders.report,Q54-25S-3-11_kraken2_bracken_orders.report,Q53-25S-2-11_kraken2_bracken_orders.report,Q52-25S-1-11_kraken2_bracken_orders.report,Q51-25PVC-3-3_kraken2_bracken_orders.report,Q50-25PVC-2-3_kraken2_bracken_orders.report,Q49-25PVC-1-3_kraken2_bracken_orders.report,Q48-25PET-3-3_kraken2_bracken_orders.report,Q47-25PET-2-3_kraken2_bracken_orders.report,Q46-25PET-1-3_kraken2_bracken_orders.report,Q45-25PE0.6-3-3_kraken2_bracken_orders.report,Q44-25PE0.6-2-3_kraken2_bracken_orders.report,Q43-25PE0.6-1-3_kraken2_bracken_orders.report,Q42-25S-3-3_kraken2_bracken_orders.report,Q41-25S-2-3_kraken2_bracken_orders.report,Q40-25S-1-3_kraken2_bracken_orders.report,Q34-25PE0.1-2-11_kraken2_bracken_orders.report,Q33-25PE0.1-1-11_kraken2_bracken_orders.report,Q32-25PE0.1-2-3_kraken2_bracken_orders.report,Q31-25PE0.1-1-3_kraken2_bracken_orders.report
R,1,root,100.0,100.0,100.0,100.0,100.0,100.0,100.0,100.0,100.0,100.0,100.0,100.0,100.0,100.0,100.0,100.0,100.0,100.0,100.0,100.0,100.0,100.0,100.0,100.0,100.0,100.0,100.0,100.0,100.0,100.0,100.0,100.0,100.0,100.0,100.0,100.0,100.0,100.0,100.0,100.0,100.0,100.0,100.0
R2,2,    Bacteria,99.29,99.14,99.13,98.9,98.81,98.88,98.72,98.99,99.13,98.7,98.66,98.7,97.83,97.76,97.73,99.62,99.63,99.62,99.27,99.36,99.37,99.35,99.35,99.4,99.17,99.15,99.26,99.58,99.59,99.46,99.27,99.42,99.27,99.25,99.2,99.21,99.0,99.02,98.96,99.34,99.28,99.4,99.16
O,29,            Myxococcales,0.14,0.25,0.22,0.56,0.71,0.69,1.02,0.71,0.39,0.75,0.95,0.93,1.3,1.19,1.27,0.05,0.03,0.05,0.25,0.22,0.1,0.22,0.18,0.1,0.29,0.34,0.25,0.13,0.13,0.22,0.36,0.15,0.28,0.32,0.34,0.34,0.54,0.52,0.59,0.19,0.33,0.13,0.51
O,112,              Planctomycetales,0.03,0.03,0.03,0.03,0.03,0.02,0.02,0.03,0.02,0.03,0.03,0.03,0.05,0.09,0.09,0.01,0.02,0.01,0.02,0.02,0.02,0.02,0.02,0.02,0.02,0.03,0.02,0.01,0.01,0.01,0.01,0.01,0.01,0.02,0.01,0.02,0.02,0.02,0.02,0.02,0.02,0.01,0.02
O,136,            Spirochaetales,0.0,0.0,0.0,0.0,0.0,0.0,0.0,0.0,0.0,0.0,0.0,0.0,0.0,0.0,0.0,0.0,0.0,0.0,0.0,0.0,0.0,0.0,0.0,0.0,0.0,0.0,0.0,0.0,0.0,0.0,0.0,0.0,0.0,0.0,0.0,0.0,0.0,0.0,0.0,0.0,0.0,0.0,0.0
O,356,            Hyphomicrobiales,8.06,8.33,8.27,11.09,10.35,10.32,8.76,8.42,7.5,6.31,6.96,6.5,5.31,5.9,5.45,6.36,6.1,6.23,9.97,9.68,9.71,8.99,8.94,8.85,8.92,8.77,8.31,3.35,3.29,3.99,8.84,8.91,9.15,9.64,10.0,9.99,10.78,10.91,10.62,8.73,9.27,8.9,10.09
O,766,            Rickettsiales,0.0,0.0,0.0,0.0,0.0,0.0,0.0,0.0,0.0,0.0,0.0,0.0,0.01,0.0,0.01,0.0,0.0,0.0,0.0,0.0,0.0,0.0,0.0,0.0,0.0,0.0,0.0,0.0,0.0,0.0,0.0,0.0,0.0,0.0,0.0,0.0,0.0,0.0,0.0,0.0,0.0,0.0,0.0
P,976,            Bacteroidota,1.62,1.85,2.18,2.51,2.77,2.65,1.42,1.55,2.27,2.47,2.12,2.17,3.14,2.94,2.73,1.39,1.83,1.72,2.57,2.98,3.32,1.51,1.51,1.88,1.51,1.54,1.81,10.55,12.3,10.91,7.07,5.84,4.23,3.01,2.89,2.29,1.96,1.97,1.85,1.48,1.37,4.74,3.98
P,1090,            Chlorobiota,0.0,0.0,0.0,0.0,0.0,0.0,0.0,0.0,0.0,0.0,0.0,0.0,0.0,0.0,0.0,0.0,0.0,0.0,0.0,0.0,0.0,0.0,0.0,0.0,0.0,0.0,0.0,0.0,0.0,0.0,0.0,0.0,0.0,0.0,0.0,0.0,0.0,0.0,0.0,0.0,0.0,0.0,0.0
P,1117,          Cyanobacteriota,0.09,0.08,0.12,0.15,0.2,0.2,0.16,0.19,0.21,0.31,0.28,0.28,0.64,0.67,0.67,0.06,0.06,0.06,0.13,0.14,0.14,0.14,0.14,0.14,0.19,0.19,0.18,0.06,0.06,0.08,0.12,0.11,0.14,0.15,0.16,0.15,0.19,0.19,0.2,0.13,0.13,0.12,0.14
O,1118,                Chroococcales,0.0,0.0,0.0,0.0,0.01,0.01,0.0,0.0,0.01,0.01,0.01,0.01,0.03,0.03,0.04,0.0,0.0,0.0,0.0,0.0,0.01,0.0,0.0,0.0,0.01,0.01,0.01,0.0,0.01,0.01,0.01,0.01,0.01,0.01,0.01,0.01,0.01,0.01,0.01,0.0,0.0,0.01,0.01
O,1150,                Oscillatoriales,0.0,0.0,0.0,0.0,0.0,0.0,0.0,0.0,0.0,0.0,0.0,0.0,0.01,0.0,0.01,0.0,0.0,0.0,0.0,0.0,0.0,0.0,0.0,0.0,0.0,0.0,0.0,0.0,0.0,0.0,0.0,0.0,0.0,0.0,0.01,0.0,0.0,0.0,0.0,0.0,0.0,0.0,0.0
O,1161,              Nostocales,0.0,0.0,0.01,0.0,0.01,0.01,0.0,0.01,0.01,0.01,0.01,0.02,0.03,0.03,0.03,0.0,0.0,0.0,0.0,0.0,0.01,0.01,0.01,0.01,0.01,0.01,0.01,0.01,0.01,0.01,0.01,0.01,0.01,0.01,0.01,0.01,0.01,0.01,0.01,0.0,0.01,0.01,0.01
P,1224,        Pseudomonadota,88.27,86.15,85.33,88.65,88.65,88.87,87.6,89.35,90.8,86.98,86.81,86.54,75.9,76.63,77.64,89.13,90.26,88.77,90.72,91.35,92.31,93.23,93.61,94.04,92.39,92.18,92.56,71.49,70.92,72.03,84.84,88.68,89.45,90.28,90.59,90.96,90.13,90.28,90.18,92.5,92.01,88.18,87.35
C,1236,          Gammaproteobacteria,16.72,17.26,16.92,10.59,8.81,8.65,7.23,6.27,5.45,5.38,6.12,6.66,10.47,13.67,10.82,32.17,28.72,28.55,10.58,11.94,10.64,8.49,8.58,8.12,6.41,6.39,6.65,39.96,38.39,36.38,10.22,9.93,9.13,10.36,9.3,9.04,8.17,8.18,8.14,7.86,8.24,9.35,9.99
P,1239,        Bacillota,0.88,0.83,0.83,0.18,0.19,0.18,0.39,0.29,0.33,0.75,0.57,0.68,2.41,2.03,2.18,1.31,1.01,0.74,0.19,0.19,0.16,0.17,0.2,0.16,0.28,0.41,0.25,3.09,2.75,1.54,0.3,0.13,0.21,0.19,0.2,0.3,0.27,0.27,0.28,0.25,0.26,0.22,0.23
P,1297,        Deinococcota,0.21,0.25,0.22,0.01,0.01,0.01,0.01,0.01,0.01,0.01,0.01,0.01,0.04,0.03,0.03,0.12,0.12,0.12,0.02,0.01,0.0,0.01,0.01,0.01,0.01,0.0,0.0,0.12,0.11,0.13,0.04,0.02,0.01,0.02,0.01,0.01,0.01,0.01,0.01,0.02,0.02,0.04,0.04
O,1385,            Bacillales,0.85,0.79,0.79,0.12,0.11,0.1,0.12,0.27,0.29,0.68,0.51,0.62,1.89,1.8,2.02,1.3,0.99,0.74,0.17,0.17,0.14,0.15,0.18,0.14,0.25,0.3,0.23,3.08,2.75,1.52,0.28,0.12,0.19,0.17,0.17,0.29,0.22,0.25,0.25,0.22,0.25,0.17,0.21
C,1760,          Actinomycetes,7.29,8.74,9.26,5.78,5.11,5.07,6.64,5.55,4.0,5.75,6.15,6.35,11.14,10.97,10.03,7.12,5.86,7.63,4.61,3.61,2.62,3.22,2.85,2.35,3.42,3.36,3.19,13.76,12.95,14.05,5.72,3.85,4.09,4.38,4.06,4.2,4.69,4.58,4.57,3.84,4.19,5.25,5.95
O,2037,            Actinomycetales,0.0,0.0,0.0,0.0,0.0,0.0,0.0,0.0,0.0,0.0,0.0,0.0,0.01,0.01,0.01,0.0,0.0,0.0,0.0,0.0,0.0,0.0,0.0,0.0,0.0,0.0,0.0,0.0,0.0,0.0,0.0,0.0,0.0,0.0,0.0,0.0,0.0,0.0,0.0,0.0,0.0,0.0,0.0
O,2085,            Mycoplasmatales,,,,,,,,,,,,,0.0,,0.0,,,,,,,0.0,,,,,,,,,,,,,,,,,,,,,
R2,2157,    Archaea,0.05,0.07,0.07,0.11,0.19,0.13,0.16,0.13,0.09,0.14,0.15,0.15,0.13,0.13,0.15,0.01,0.01,0.01,0.03,0.04,0.02,0.04,0.04,0.02,0.05,0.05,0.03,0.01,0.02,0.02,0.04,0.02,0.03,0.03,0.04,0.02,0.05,0.05,0.05,0.03,0.05,0.02,0.05
O,2158,              Methanobacteriales,0.0,0.0,0.0,0.0,0.0,0.0,0.0,,0.0,0.0,0.0,0.0,0.0,0.0,0.0,0.0,0.0,0.0,0.0,0.0,0.0,0.0,0.0,0.0,0.0,0.0,0.0,0.0,0.0,0.0,0.0,0.0,0.0,0.0,0.0,0.0,0.0,0.0,0.0,0.0,0.0,0.0,0.0
O,2191,              Methanomicrobiales,0.0,0.0,0.0,0.0,0.0,0.0,0.0,0.0,0.0,0.0,0.0,0.0,0.0,0.0,0.0,0.0,0.0,0.0,0.0,0.0,0.0,0.0,0.0,0.0,0.0,0.0,0.0,0.0,0.0,0.0,0.0,0.0,0.0,0.0,0.0,0.0,0.0,0.0,0.0,0.0,0.0,0.0,0.0
O,2235,              Halobacteriales,0.0,0.0,0.0,0.0,0.0,0.0,0.0,0.0,0.0,0.0,0.0,0.0,0.01,0.0,0.0,0.0,0.0,0.0,0.0,0.0,0.0,0.0,0.0,0.0,0.0,0.0,0.0,0.0,0.0,0.0,0.0,0.0,0.0,0.0,0.0,0.0,0.0,0.0,0.0,0.0,0.0,0.0,0.0
O,2258,            Thermococcales,,,,0.0,,,,,,0.0,,,,0.0,,0.0,,,,,,0.0,,,,,,,,,,,,0.0,,,,,,,,,
R3,2323,      Bacteria incertae sedis,,,,0.0,0.0,0.0,0.0,,,,0.0,,0.0,0.0,0.0,0.0,,,,,0.0,0.0,,,0.0,0.0,0.0,0.0,0.0,0.0,0.0,,,,0.0,,0.0,0.0,0.0,,,0.0,0.0
O,2419,            Thermotogales,,,,,,,,0.0,,,,,,,,,,,,0.0,0.0,,,,,,,,,,,,,,,,,,,0.0,,,
R2,2759,    Eukaryota,0.66,0.79,0.8,0.99,1.0,0.99,1.12,0.88,0.78,1.15,1.19,1.15,2.04,2.1,2.12,0.37,0.36,0.36,0.7,0.6,0.61,0.61,0.62,0.57,0.79,0.8,0.7,0.4,0.39,0.51,0.69,0.56,0.69,0.72,0.76,0.77,0.96,0.94,0.99,0.63,0.67,0.58,0.79
P,2836,            Bacillariophyta,0.0,0.0,0.0,0.0,0.0,0.0,0.0,0.0,0.0,0.0,0.0,0.0,0.0,0.0,0.0,0.0,0.0,0.0,0.0,0.0,0.0,0.0,0.0,0.0,0.0,0.0,0.0,0.0,0.0,0.0,0.0,0.0,0.0,0.0,0.0,0.0,0.0,0.0,0.0,0.0,0.0,0.0,0.0
K1,6072,          Eumetazoa,0.66,0.79,0.8,0.99,1.0,0.99,1.12,0.88,0.78,1.15,1.19,1.15,2.04,2.1,2.12,0.37,0.36,0.36,0.7,0.6,0.61,0.61,0.62,0.57,0.79,0.8,0.7,0.4,0.39,0.51,0.69,0.56,0.69,0.72,0.76,0.77,0.96,0.94,0.99,0.63,0.67,0.58,0.79
P,7711,                Chordata,0.66,0.79,0.8,0.99,1.0,0.99,1.12,0.88,0.78,1.15,1.19,1.15,2.04,2.1,2.12,0.37,0.36,0.36,0.7,0.6,0.61,0.61,0.62,0.57,0.79,0.8,0.7,0.4,0.39,0.51,0.69,0.56,0.69,0.72,0.76,0.77,0.96,0.94,0.99,0.63,0.67,0.58,0.79
P2,7742,                    Vertebrata,0.66,0.79,0.8,0.99,1.0,0.99,1.12,0.88,0.78,1.15,1.19,1.15,2.04,2.1,2.12,0.37,0.36,0.36,0.7,0.6,0.61,0.61,0.62,0.57,0.79,0.8,0.7,0.4,0.39,0.51,0.69,0.56,0.69,0.72,0.76,0.77,0.96,0.94,0.99,0.63,0.67,0.58,0.79
P3,7776,                      Gnathostomata,0.66,0.79,0.8,0.99,1.0,0.99,1.12,0.88,0.78,1.15,1.19,1.15,2.04,2.1,2.12,0.37,0.36,0.36,0.7,0.6,0.61,0.61,0.62,0.57,0.79,0.8,0.7,0.4,0.39,0.51,0.69,0.56,0.69,0.72,0.76,0.77,0.96,0.94,0.99,0.63,0.67,0.58,0.79
P6,8287,                            Sarcopterygii,0.66,0.79,0.8,0.99,1.0,0.99,1.12,0.88,0.78,1.15,1.19,1.15,2.04,2.1,2.12,0.37,0.36,0.36,0.7,0.6,0.61,0.61,0.62,0.57,0.79,0.8,0.7,0.4,0.39,0.51,0.69,0.56,0.69,0.72,0.76,0.77,0.96,0.94,0.99,0.63,0.67,0.58,0.79
C2,9347,                                        Eutheria,0.66,0.79,0.8,0.99,1.0,0.99,1.12,0.88,0.78,1.15,1.19,1.15,2.04,2.1,2.12,0.37,0.36,0.36,0.7,0.6,0.61,0.61,0.62,0.57,0.79,0.8,0.7,0.4,0.39,0.51,0.69,0.56,0.69,0.72,0.76,0.77,0.96,0.94,0.99,0.63,0.67,0.58,0.79
O,9443,                                              Primates,0.66,0.79,0.8,0.99,1.0,0.99,1.12,0.88,0.78,1.15,1.19,1.15,2.04,2.1,2.12,0.37,0.36,0.36,0.7,0.6,0.61,0.61,0.62,0.57,0.79,0.8,0.7,0.4,0.39,0.51,0.69,0.56,0.69,0.72,0.76,0.77,0.96,0.94,0.99,0.63,0.67,0.58,0.79
R1,10239,  Viruses,0.0,,0.0,0.0,0.0,,0.0,0.0,0.0,0.0,0.0,0.0,0.0,0.0,0.0,0.0,0.0,0.0,0.0,0.0,0.0,0.0,0.0,0.0,0.0,0.0,0.0,0.0,0.0,0.0,0.0,0.0,0.0,0.0,0.0,0.0,0.0,0.0,0.0,0.0,0.0,0.0,0.0
C,28211,          Alphaproteobacteria,64.26,58.43,58.4,60.09,58.62,59.28,52.95,59.86,67.1,55.54,52.83,52.06,12.83,13.39,13.07,53.03,57.62,55.58,66.69,65.88,69.76,69.81,71.57,73.06,68.92,68.09,70.91,27.07,27.6,28.52,54.06,64.35,61.27,60.11,60.36,62.2,57.9,57.67,56.28,71.68,68.6,63.86,55.33
C,28216,          Betaproteobacteria,7.28,10.45,10.01,17.96,21.22,20.93,27.41,23.22,18.24,26.05,27.85,27.81,52.58,49.55,53.73,3.93,3.91,4.65,13.45,13.53,11.91,14.93,13.45,12.86,17.06,17.69,14.99,4.45,4.93,7.14,20.55,14.4,19.04,19.82,20.93,19.72,24.06,24.42,25.75,12.96,15.17,14.97,22.03
C,28221,        Deltaproteobacteria,0.0,0.0,0.0,0.0,0.0,0.0,0.0,0.0,0.0,0.0,0.0,0.0,0.0,0.0,0.0,,,0.0,0.0,0.0,,0.0,0.0,0.0,0.0,0.0,0.0,0.0,0.0,0.0,0.0,,0.0,0.0,0.0,0.0,0.0,0.0,0.0,0.0,0.0,0.0,0.0
P,28890,        Methanobacteriota,0.0,0.0,0.0,0.0,0.0,0.0,0.0,0.0,0.0,0.0,0.01,0.0,0.01,0.01,0.01,0.0,0.0,0.0,0.0,0.0,0.0,0.0,0.0,0.0,0.0,0.0,0.0,0.0,0.0,0.0,0.0,0.0,0.0,0.0,0.0,0.0,0.0,0.0,0.0,0.0,0.0,0.0,0.0
P,29547,        Campylobacterota,0.0,0.0,0.0,0.0,0.01,0.01,0.01,0.0,0.0,0.0,0.0,0.0,0.01,0.01,0.01,0.0,0.0,0.0,0.0,0.0,0.0,0.0,0.0,0.0,0.0,0.0,0.0,0.0,0.0,0.0,0.0,0.0,0.0,0.0,0.0,0.0,0.0,0.0,0.0,0.0,0.0,0.0,0.0
O,31932,            Nitrosopumilales,0.04,0.07,0.07,0.08,0.14,0.13,0.12,0.12,0.08,0.12,0.14,0.14,0.11,0.12,0.13,0.01,0.01,0.01,0.03,0.04,0.01,0.04,0.03,0.02,0.04,0.05,0.03,0.01,0.01,0.02,0.03,0.01,0.02,0.02,0.03,0.02,0.04,0.03,0.04,0.03,0.04,0.02,0.04
C,31969,          Mollicutes,,,,,,,,,,,,,0.0,,0.0,,,,,,,0.0,,,,,,,,,,,,,,,,,,,,,
O,32003,            Nitrosomonadales,0.19,0.36,0.25,0.34,0.42,0.44,0.6,0.52,0.31,0.49,0.69,0.66,1.22,1.25,1.25,0.06,0.03,0.05,0.17,0.15,0.08,0.17,0.15,0.1,0.22,0.23,0.2,0.13,0.12,0.19,0.3,0.14,0.21,0.27,0.29,0.3,0.41,0.41,0.47,0.13,0.23,0.13,0.37
C,32015,          Myxococcia,0.14,0.25,0.22,0.56,0.71,0.69,1.02,0.71,0.39,0.75,0.95,0.93,1.3,1.19,1.27,0.05,0.03,0.05,0.25,0.22,0.1,0.22,0.18,0.1,0.29,0.34,0.25,0.13,0.13,0.22,0.36,0.15,0.28,0.32,0.34,0.34,0.54,0.52,0.59,0.19,0.33,0.13,0.51
C,32061,          Chloroflexia,0.0,0.0,0.0,0.0,0.0,0.0,0.0,0.0,0.0,0.0,0.0,0.0,0.0,0.01,0.01,0.0,0.0,0.0,0.0,0.0,0.0,0.0,0.0,0.0,0.0,0.0,0.0,0.0,0.0,0.0,0.0,0.0,0.0,0.0,0.0,0.0,0.0,0.0,0.0,0.0,0.0,0.0,0.0
O,32064,            Chloroflexales,0.0,0.0,0.0,0.0,0.0,0.0,0.0,0.0,0.0,0.0,0.0,0.0,0.0,0.01,0.0,0.0,0.0,0.0,0.0,0.0,0.0,0.0,0.0,0.0,0.0,0.0,0.0,0.0,0.0,0.0,0.0,0.0,0.0,0.0,0.0,0.0,0.0,0.0,0.0,0.0,0.0,0.0,0.0
P,32066,        Fusobacteriota,0.0,0.0,0.0,0.0,0.0,0.0,0.0,0.0,0.0,0.0,0.0,0.0,0.0,0.0,0.0,0.0,0.0,0.0,,0.0,0.0,0.0,0.0,0.0,0.0,0.0,0.0,0.0,0.0,0.0,0.0,,0.0,0.0,0.0,,0.0,0.0,,0.0,0.0,0.0,0.0
O,32069,            Aquificales,,0.0,,0.0,0.0,,0.0,0.0,0.0,0.0,,0.0,0.0,0.0,0.0,,,,,,,,,,0.0,0.0,,0.0,,0.0,,,,0.0,,,0.0,,0.0,0.0,,,
P8,32523,                                Tetrapoda,0.66,0.79,0.8,0.99,1.0,0.99,1.12,0.88,0.78,1.15,1.19,1.15,2.04,2.1,2.12,0.37,0.36,0.36,0.7,0.6,0.61,0.61,0.62,0.57,0.79,0.8,0.7,0.4,0.39,0.51,0.69,0.56,0.69,0.72,0.76,0.77,0.96,0.94,0.99,0.63,0.67,0.58,0.79
P9,32524,                                  Amniota,0.66,0.79,0.8,0.99,1.0,0.99,1.12,0.88,0.78,1.15,1.19,1.15,2.04,2.1,2.12,0.37,0.36,0.36,0.7,0.6,0.61,0.61,0.62,0.57,0.79,0.8,0.7,0.4,0.39,0.51,0.69,0.56,0.69,0.72,0.76,0.77,0.96,0.94,0.99,0.63,0.67,0.58,0.79
C1,32525,                                      Theria,0.66,0.79,0.8,0.99,1.0,0.99,1.12,0.88,0.78,1.15,1.19,1.15,2.04,2.1,2.12,0.37,0.36,0.36,0.7,0.6,0.61,0.61,0.62,0.57,0.79,0.8,0.7,0.4,0.39,0.51,0.69,0.56,0.69,0.72,0.76,0.77,0.96,0.94,0.99,0.63,0.67,0.58,0.79
R3,33154,      Opisthokonta,0.66,0.79,0.8,0.99,1.0,0.99,1.12,0.88,0.78,1.15,1.19,1.15,2.04,2.1,2.12,0.37,0.36,0.36,0.7,0.6,0.61,0.61,0.62,0.57,0.79,0.8,0.7,0.4,0.39,0.51,0.69,0.56,0.69,0.72,0.76,0.77,0.96,0.94,0.99,0.63,0.67,0.58,0.79
K,33208,        Metazoa,0.66,0.79,0.8,0.99,1.0,0.99,1.12,0.88,0.78,1.15,1.19,1.15,2.04,2.1,2.12,0.37,0.36,0.36,0.7,0.6,0.61,0.61,0.62,0.57,0.79,0.8,0.7,0.4,0.39,0.51,0.69,0.56,0.69,0.72,0.76,0.77,0.96,0.94,0.99,0.63,0.67,0.58,0.79
K2,33213,            Bilateria,0.66,0.79,0.8,0.99,1.0,0.99,1.12,0.88,0.78,1.15,1.19,1.15,2.04,2.1,2.12,0.37,0.36,0.36,0.7,0.6,0.61,0.61,0.62,0.57,0.79,0.8,0.7,0.4,0.39,0.51,0.69,0.56,0.69,0.72,0.76,0.77,0.96,0.94,0.99,0.63,0.67,0.58,0.79
K3,33511,              Deuterostomia,0.66,0.79,0.8,0.99,1.0,0.99,1.12,0.88,0.78,1.15,1.19,1.15,2.04,2.1,2.12,0.37,0.36,0.36,0.7,0.6,0.61,0.61,0.62,0.57,0.79,0.8,0.7,0.4,0.39,0.51,0.69,0.56,0.69,0.72,0.76,0.77,0.96,0.94,0.99,0.63,0.67,0.58,0.79
R4,33634,        Stramenopiles,0.0,0.0,0.0,0.0,0.0,0.0,0.0,0.0,0.0,0.0,0.0,0.0,0.0,0.0,0.0,0.0,0.0,0.0,0.0,0.0,0.0,0.0,0.0,0.0,0.0,0.0,0.0,0.0,0.0,0.0,0.0,0.0,0.0,0.0,0.0,0.0,0.0,0.0,0.0,0.0,0.0,0.0,0.0
C,33849,              Bacillariophyceae,0.0,0.0,0.0,0.0,0.0,0.0,0.0,0.0,0.0,0.0,0.0,0.0,0.0,0.0,0.0,0.0,0.0,0.0,0.0,0.0,0.0,0.0,0.0,0.0,0.0,0.0,0.0,0.0,0.0,0.0,0.0,0.0,0.0,0.0,0.0,0.0,0.0,0.0,0.0,0.0,0.0,0.0,0.0
C1,33850,                Bacillariophycidae,0.0,0.0,0.0,0.0,0.0,0.0,0.0,0.0,0.0,0.0,0.0,0.0,0.0,0.0,0.0,0.0,0.0,0.0,0.0,0.0,0.0,0.0,0.0,0.0,0.0,0.0,0.0,0.0,0.0,0.0,0.0,0.0,0.0,0.0,0.0,0.0,0.0,0.0,0.0,0.0,0.0,0.0,0.0
O,38748,                  Naviculales,0.0,0.0,0.0,0.0,0.0,0.0,0.0,0.0,0.0,0.0,0.0,0.0,0.0,0.0,0.0,0.0,0.0,0.0,0.0,0.0,0.0,0.0,0.0,0.0,0.0,0.0,0.0,0.0,0.0,0.0,0.0,0.0,0.0,0.0,0.0,0.0,0.0,0.0,0.0,0.0,0.0,0.0,0.0
P,40117,        Nitrospirota,0.03,0.04,0.04,0.04,0.05,0.05,0.05,0.04,0.03,0.05,0.05,0.05,0.09,0.09,0.09,0.01,0.02,0.01,0.02,0.02,0.01,0.02,0.01,0.01,0.02,0.03,0.02,0.01,0.01,0.02,0.03,0.02,0.02,0.03,0.03,0.02,0.03,0.04,0.04,0.02,0.02,0.02,0.04
C,40674,                                    Mammalia,0.66,0.79,0.8,0.99,1.0,0.99,1.12,0.88,0.78,1.15,1.19,1.15,2.04,2.1,2.12,0.37,0.36,0.36,0.7,0.6,0.61,0.61,0.62,0.57,0.79,0.8,0.7,0.4,0.39,0.51,0.69,0.56,0.69,0.72,0.76,0.77,0.96,0.94,0.99,0.63,0.67,0.58,0.79
O,48461,              Verrucomicrobiales,0.02,0.01,0.02,0.03,0.03,0.02,0.03,0.01,0.01,0.01,0.02,0.01,0.08,0.08,0.08,0.02,0.02,0.02,0.04,0.03,0.03,0.02,0.02,0.03,0.03,0.03,0.02,0.02,0.02,0.03,0.07,0.08,0.09,0.07,0.07,0.06,0.06,0.06,0.06,0.02,0.02,0.06,0.04
O,51291,              Chlamydiales,,,,,,,0.0,0.0,0.0,0.0,0.0,0.0,,,,,,,,,,,0.0,,,,,,,,,,,0.0,,,,,,0.0,,,
O,52604,              Pleurocapsales,0.0,0.0,0.0,0.0,0.0,0.0,0.0,0.0,0.0,0.0,0.0,0.0,0.0,0.0,0.0,0.0,0.0,0.0,0.0,0.0,0.0,0.0,0.0,0.0,0.0,0.0,0.0,0.0,0.0,0.0,0.0,0.0,0.0,0.0,0.0,0.0,0.0,0.0,0.0,0.0,0.0,0.0,0.0
O,53433,            Halanaerobiales,,,,,,,,,,,,,,,,,,,,,,,,,,,,0.0,,,,,,,,,,,,,,,0.0
O,54526,            Candidatus Pelagibacterales,,,0.0,,,0.0,,,,,0.0,,0.0,0.0,0.0,,0.0,,,,,,,,,0.0,,,0.0,,,,0.0,,0.0,,,0.0,0.0,,0.0,,
P,57723,        Acidobacteriota,0.24,0.27,0.28,0.25,0.26,0.26,0.31,0.29,0.26,0.4,0.41,0.4,0.34,0.34,0.33,0.16,0.18,0.2,0.18,0.23,0.2,0.21,0.22,0.2,0.27,0.27,0.27,0.05,0.04,0.07,0.13,0.1,0.13,0.15,0.15,0.16,0.21,0.21,0.22,0.28,0.28,0.12,0.17
P,62680,          Fidelibacterota,,,0.0,0.0,0.0,,,0.0,,0.0,0.0,,0.0,0.0,0.0,,0.0,,0.0,0.0,0.0,0.0,0.0,,,0.0,0.0,,,,0.0,0.0,,0.0,,,,0.0,,,0.0,0.0,
C,67799,          Thermodesulfobacteria,,,,,0.0,0.0,,,,,0.0,,,,,,,,0.0,,,,,,,,,0.0,,,,,,0.0,,0.0,,,,,0.0,,
P,67810,          Candidatus Bipolaricaulota,,,,,,0.0,0.0,,,,0.0,,0.0,0.0,0.0,,,,,,,0.0,,,0.0,0.0,,0.0,,,,,,,,,,,,,,0.0,
P,67818,        Atribacterota,,,,,,,,,,,,,,,,,,,,,,,,,,,,,0.0,,,,,0.0,,,,,,,,,
P,67819,        Armatimonadota,0.0,0.0,0.0,0.0,0.0,0.0,0.0,0.0,0.0,0.0,0.0,0.0,0.0,0.0,0.0,0.0,0.0,0.0,0.0,0.0,0.0,0.0,0.0,0.0,0.0,0.0,0.0,0.0,0.0,0.0,0.0,0.0,0.0,0.0,0.0,0.0,0.0,0.0,0.0,0.0,0.0,0.0,0.0
O,68295,            Thermoanaerobacterales,0.0,0.0,0.0,,0.0,0.0,0.0,0.0,,0.0,0.0,0.0,,0.0,0.0,,0.0,,0.0,,,0.0,,0.0,,0.0,0.0,0.0,,0.0,,,,0.0,0.0,,0.0,0.0,0.0,,0.0,0.0,
P,68297,        Dictyoglomota,,,,,,,,,,,,,,,,,,,,,,,,,,,,,,,,,,,,0.0,,,,,,,
K2,68336,          Bacteroidota/Chlorobiota group,1.67,1.91,2.21,2.52,2.79,2.66,1.43,1.57,2.28,2.49,2.14,2.19,3.15,2.95,2.74,1.39,1.84,1.72,2.58,2.98,3.33,1.51,1.52,1.88,1.52,1.54,1.82,10.55,12.3,10.91,7.07,5.84,4.24,3.02,2.89,2.3,1.96,1.98,1.86,1.49,1.38,4.75,3.98
C,68337,          Deferribacteres,0.0,0.0,,0.0,,0.0,0.0,,,,,,0.0,0.0,0.0,,,,,,,,,0.0,,0.0,,,,,0.0,,,,,,,,,,,0.0,
R3,68525,      delta/epsilon subdivisions,0.0,0.0,0.0,0.0,0.0,0.0,0.0,0.0,0.0,0.0,0.0,0.0,0.0,0.0,0.0,,,0.0,0.0,0.0,,0.0,0.0,0.0,0.0,0.0,0.0,0.0,0.0,0.0,0.0,,0.0,0.0,0.0,0.0,0.0,0.0,0.0,0.0,0.0,0.0,0.0
O,68933,            Thermales,0.0,0.0,0.0,0.0,0.0,0.0,0.0,0.0,0.0,0.0,0.0,0.0,0.0,0.0,0.0,0.0,0.0,0.0,0.0,0.0,0.0,0.0,0.0,0.0,0.0,0.0,0.0,0.0,0.0,0.0,0.0,0.0,0.0,0.0,0.0,0.0,0.0,0.0,0.0,0.0,0.0,0.0,0.0
O,69541,            Desulfuromonadales,0.0,0.0,0.0,0.01,0.03,0.03,0.04,0.01,0.03,0.02,0.04,0.03,0.07,0.12,0.07,0.0,0.0,0.0,0.01,0.01,0.0,0.01,0.01,0.0,0.01,0.02,0.0,0.0,0.0,0.0,0.01,0.01,0.01,0.01,0.01,0.01,0.02,0.02,0.02,0.01,0.01,0.0,0.02
O,72273,            Thiotrichales,0.0,0.0,0.0,0.0,0.0,0.0,0.01,0.0,0.0,0.01,0.02,0.01,0.01,0.01,0.01,0.0,0.0,0.0,0.0,0.0,0.0,0.0,0.0,0.0,0.0,0.0,0.0,0.0,0.0,0.0,0.0,0.0,0.0,0.0,0.0,0.0,0.0,0.0,0.0,0.0,0.0,0.0,0.0
O,72274,            Pseudomonadales,0.74,1.05,0.86,0.89,1.39,1.03,1.37,1.66,0.96,1.34,1.71,2.06,2.67,6.06,2.77,0.39,0.33,0.38,0.7,0.76,0.71,1.02,1.13,1.42,0.6,0.67,0.76,1.33,1.24,1.79,0.86,0.65,0.78,1.01,1.14,0.72,1.26,0.77,1.44,0.67,0.74,0.83,1.42
P,74152,        Elusimicrobiota,,,,,,0.0,,0.0,,,0.0,,0.0,0.0,,,,,,,,,,,,,,,,,,,,0.0,,0.0,,0.0,,,,,
P,74201,          Verrucomicrobiota,0.03,0.04,0.05,0.05,0.07,0.06,0.07,0.04,0.04,0.05,0.07,0.07,0.14,0.14,0.14,0.02,0.02,0.03,0.05,0.05,0.04,0.03,0.03,0.03,0.05,0.06,0.03,0.03,0.03,0.04,0.09,0.09,0.1,0.08,0.09,0.08,0.08,0.08,0.09,0.03,0.04,0.07,0.07
O,80840,            Burkholderiales,6.75,9.48,9.27,16.79,19.4,19.17,24.71,21.38,17.03,23.4,25.18,25.24,45.97,43.39,47.21,3.78,3.82,4.49,12.77,12.93,11.35,14.17,12.78,12.17,16.08,16.5,14.07,4.09,4.61,6.61,19.35,13.76,17.71,18.53,19.55,18.5,22.15,22.72,23.9,12.34,14.3,14.34,20.62
C,84992,          Acidimicrobiia,0.11,0.12,0.14,0.26,0.22,0.22,0.26,0.26,0.28,0.37,0.34,0.33,0.7,0.7,0.68,0.08,0.07,0.09,0.22,0.22,0.19,0.21,0.22,0.2,0.29,0.28,0.26,0.1,0.09,0.12,0.19,0.15,0.2,0.2,0.21,0.23,0.27,0.26,0.27,0.22,0.22,0.19,0.21
O,84993,            Acidimicrobiales,0.11,0.11,0.14,0.25,0.22,0.22,0.26,0.26,0.28,0.37,0.34,0.33,0.7,0.7,0.67,0.08,0.07,0.09,0.22,0.22,0.19,0.21,0.22,0.2,0.29,0.28,0.26,0.1,0.09,0.12,0.19,0.15,0.2,0.2,0.21,0.23,0.27,0.26,0.27,0.22,0.22,0.19,0.21
C,84995,          Rubrobacteria,0.0,0.0,0.0,0.0,0.0,0.0,0.0,0.0,0.0,0.0,0.0,0.0,0.0,0.0,0.0,0.0,0.0,0.0,0.0,0.0,0.0,0.0,0.0,0.0,0.0,0.0,0.0,0.0,0.0,0.0,0.0,0.0,0.0,0.0,0.0,0.0,0.0,0.0,0.0,0.0,0.0,0.0,0.0
O,84996,            Rubrobacterales,0.0,0.0,0.0,0.0,0.0,0.0,0.0,0.0,0.0,0.0,0.0,0.0,0.0,0.0,0.0,0.0,0.0,0.0,0.0,0.0,0.0,0.0,0.0,0.0,0.0,0.0,0.0,0.0,0.0,0.0,0.0,0.0,0.0,0.0,0.0,0.0,0.0,0.0,0.0,0.0,0.0,0.0,0.0
C,84998,          Coriobacteriia,0.0,0.0,0.0,0.01,0.0,0.02,0.0,0.03,0.0,0.01,0.01,0.01,0.04,0.02,0.03,0.0,0.0,0.0,0.0,0.0,0.0,0.0,0.0,0.0,0.0,0.01,0.0,0.0,0.0,0.0,0.0,0.0,0.0,0.01,0.01,0.0,0.0,0.01,0.01,0.0,0.01,0.0,0.0
O,84999,            Coriobacteriales,0.0,0.0,0.0,0.0,0.0,0.01,0.0,0.0,0.0,0.0,0.01,0.0,0.02,0.01,0.02,,0.0,0.0,0.0,0.0,0.0,0.0,0.0,0.0,0.0,0.0,,0.0,0.0,0.0,0.0,0.0,0.0,0.01,0.0,,0.0,0.0,0.0,0.0,0.0,0.0,0.0
O,85001,            Sphaerobacterales,0.0,0.0,0.0,0.0,0.0,0.0,0.0,0.0,0.0,0.0,0.0,0.0,0.0,0.0,0.0,0.0,0.0,0.0,0.0,0.0,0.0,0.0,0.0,0.0,0.0,0.0,0.0,0.0,0.0,0.0,0.0,0.0,0.0,0.0,0.0,0.0,0.0,0.0,0.0,0.0,0.0,0.0,0.0
O,85004,            Bifidobacteriales,0.0,0.0,0.0,0.0,0.0,0.0,0.0,0.0,0.0,0.0,0.0,0.06,0.03,0.0,0.04,0.0,0.0,0.0,0.0,0.0,0.0,0.0,0.0,0.0,0.0,0.0,0.0,0.01,0.0,0.0,0.0,0.0,0.0,0.0,0.0,0.0,0.0,0.0,0.0,0.0,0.0,0.0,0.0
O,85006,            Micrococcales,2.71,3.39,3.65,1.82,1.15,1.18,1.8,1.3,0.92,1.48,1.61,1.59,5.0,4.74,4.11,2.83,2.44,3.16,1.56,1.13,0.87,0.91,0.77,0.67,0.91,0.92,0.81,5.53,5.44,5.39,1.72,0.97,1.01,1.19,1.1,1.08,1.3,1.31,1.26,1.23,1.3,1.7,1.94
O,85007,            Mycobacteriales,0.43,0.59,0.61,0.78,1.07,0.96,1.16,1.0,0.67,0.99,1.14,1.17,0.62,0.63,0.45,0.22,0.18,0.27,0.44,0.4,0.26,0.44,0.36,0.32,0.52,0.5,0.47,0.27,0.26,0.37,0.56,0.31,0.49,0.52,0.51,0.58,0.74,0.73,0.81,0.36,0.48,0.35,0.66
O,85008,            Micromonosporales,0.03,0.03,0.04,0.04,0.05,0.05,0.05,0.06,0.07,0.09,0.08,0.09,0.17,0.16,0.2,0.02,0.02,0.02,0.03,0.04,0.03,0.04,0.04,0.04,0.08,0.07,0.06,0.03,0.02,0.03,0.04,0.03,0.04,0.05,0.05,0.06,0.06,0.06,0.07,0.05,0.05,0.04,0.04
O,85009,            Propionibacteriales,3.98,4.54,4.78,2.96,2.61,2.65,3.34,2.93,2.12,2.85,2.96,3.07,4.34,4.38,4.22,3.98,3.16,4.1,2.46,1.93,1.37,1.69,1.54,1.2,1.7,1.66,1.64,7.78,7.1,8.09,3.22,2.43,2.39,2.44,2.22,2.29,2.34,2.22,2.16,2.06,2.2,3.02,3.1
O,85010,            Pseudonocardiales,0.01,0.02,0.02,0.02,0.02,0.02,0.02,0.02,0.02,0.03,0.03,0.03,0.06,0.06,0.06,0.01,0.01,0.01,0.01,0.01,0.01,0.02,0.01,0.01,0.02,0.02,0.02,0.01,0.01,0.01,0.01,0.01,0.01,0.02,0.02,0.02,0.02,0.02,0.02,0.02,0.02,0.01,0.02
O,85011,            Kitasatosporales,0.08,0.1,0.1,0.11,0.14,0.13,0.17,0.16,0.15,0.23,0.24,0.24,0.59,0.63,0.59,0.05,0.04,0.05,0.08,0.09,0.07,0.09,0.1,0.08,0.15,0.14,0.14,0.08,0.07,0.09,0.1,0.07,0.11,0.12,0.11,0.12,0.16,0.17,0.18,0.09,0.1,0.09,0.11
O,85012,            Streptosporangiales,0.01,0.01,0.01,0.01,0.01,0.02,0.01,0.02,0.01,0.03,0.02,0.02,0.05,0.05,0.04,0.0,0.0,0.0,0.01,0.01,0.01,0.01,0.01,0.01,0.02,0.02,0.02,0.01,0.01,0.01,0.01,0.01,0.01,0.01,0.01,0.01,0.02,0.01,0.02,0.01,0.01,0.01,0.01
O,85013,            Frankiales,0.0,0.0,0.0,0.0,0.0,0.0,0.0,0.0,0.0,0.0,0.0,0.0,0.01,0.01,0.0,0.0,0.0,0.0,0.0,0.0,0.0,0.0,0.0,0.0,0.0,0.0,0.0,0.0,0.0,0.0,0.0,0.0,0.0,0.0,0.0,0.0,0.0,0.0,0.0,0.0,0.0,0.0,0.0
O,85014,            Glycomycetales,,,,,,,,,0.0,0.0,,0.0,0.0,,,,,,,,,0.0,,,,,0.0,,0.0,,0.0,,,,0.0,,0.0,,,,0.0,,
P1,89593,                  Craniata,0.66,0.79,0.8,0.99,1.0,0.99,1.12,0.88,0.78,1.15,1.19,1.15,2.04,2.1,2.12,0.37,0.36,0.36,0.7,0.6,0.61,0.61,0.62,0.57,0.79,0.8,0.7,0.4,0.39,0.51,0.69,0.56,0.69,0.72,0.76,0.77,0.96,0.94,0.99,0.63,0.67,0.58,0.79
C,91061,          Bacilli,0.87,0.82,0.82,0.16,0.16,0.15,0.36,0.27,0.29,0.7,0.53,0.63,2.29,1.95,2.06,1.3,1.0,0.74,0.18,0.18,0.15,0.16,0.19,0.14,0.26,0.39,0.23,3.08,2.75,1.54,0.29,0.12,0.2,0.18,0.18,0.29,0.25,0.26,0.27,0.23,0.25,0.18,0.21
O,91347,            Enterobacterales,0.16,0.13,0.17,0.24,0.27,0.49,0.44,0.6,0.35,0.72,0.76,1.22,2.44,2.45,2.4,0.12,0.12,0.08,0.31,0.21,0.45,0.35,0.6,0.42,0.5,0.44,0.38,0.07,0.09,0.15,0.51,0.34,0.37,0.49,0.61,0.7,0.47,1.05,0.65,0.36,0.4,0.27,0.36
O,94695,              Methanosarcinales,0.0,0.0,0.0,0.0,0.0,0.0,0.0,0.0,0.0,0.0,0.0,0.0,0.0,0.0,0.01,0.0,0.0,0.0,0.0,0.0,0.0,0.0,0.0,0.0,0.0,0.0,0.0,0.0,0.0,0.0,0.0,0.0,0.0,0.0,0.0,0.0,0.0,0.0,0.0,0.0,0.0,0.0,0.0
P,95818,          Candidatus Saccharimonadota,,,,0.0,,,,,,,,,0.0,0.0,0.0,,,,,,,,,,0.0,,,0.0,0.0,0.0,0.0,,,,,,0.0,,0.0,,,,0.0
R5,95901,          Candidatus Babelota,,,,,0.0,,,,,,,,,,,0.0,,,,,,,,,,,0.0,,,0.0,,,,,,,,0.0,,,,,0.0
P4,117570,                        Teleostomi,0.66,0.79,0.8,0.99,1.0,0.99,1.12,0.88,0.78,1.15,1.19,1.15,2.04,2.1,2.12,0.37,0.36,0.36,0.7,0.6,0.61,0.61,0.62,0.57,0.79,0.8,0.7,0.4,0.39,0.51,0.69,0.56,0.69,0.72,0.76,0.77,0.96,0.94,0.99,0.63,0.67,0.58,0.79
P5,117571,                          Euteleostomi,0.66,0.79,0.8,0.99,1.0,0.99,1.12,0.88,0.78,1.15,1.19,1.15,2.04,2.1,2.12,0.37,0.36,0.36,0.7,0.6,0.61,0.61,0.62,0.57,0.79,0.8,0.7,0.4,0.39,0.51,0.69,0.56,0.69,0.72,0.76,0.77,0.96,0.94,0.99,0.63,0.67,0.58,0.79
C,117743,              Flavobacteriia,1.21,1.44,1.66,1.42,1.37,1.28,0.68,0.73,1.37,1.19,1.04,1.07,2.86,2.66,2.48,1.17,1.54,1.47,1.67,1.39,1.65,0.66,0.45,0.93,0.53,0.58,0.94,10.43,12.16,10.78,6.5,5.08,3.43,2.37,2.12,1.57,1.23,1.26,1.12,0.71,0.72,4.19,3.55
C,117747,              Sphingobacteriia,0.05,0.06,0.06,0.08,0.1,0.13,0.08,0.16,0.12,0.32,0.27,0.24,0.02,0.03,0.02,0.04,0.06,0.03,0.04,0.11,0.13,0.08,0.37,0.08,0.08,0.12,0.12,0.04,0.04,0.02,0.02,0.03,0.03,0.03,0.03,0.03,0.04,0.05,0.04,0.07,0.06,0.02,0.02
C,118001,          Chrysiogenia,,,,,,,,,,,0.01,,0.01,0.01,0.01,,,,0.0,0.0,,,,,,0.0,,,,,,,,,,,,0.0,,,,0.0,
O,118964,            Deinococcales,0.21,0.25,0.22,0.01,0.01,0.01,0.01,0.01,0.01,0.01,0.01,0.01,0.04,0.03,0.03,0.12,0.12,0.12,0.02,0.01,0.0,0.01,0.01,0.0,0.01,0.0,0.0,0.12,0.11,0.13,0.04,0.02,0.01,0.02,0.01,0.01,0.01,0.01,0.01,0.02,0.02,0.03,0.04
O,118969,            Legionellales,0.0,0.0,0.0,0.0,0.0,0.0,0.0,0.0,0.0,0.0,0.0,0.0,0.0,0.01,0.0,0.0,0.0,0.0,0.0,0.0,0.0,0.0,0.0,0.0,0.0,0.0,0.0,0.0,0.0,0.0,0.0,0.0,0.0,0.0,0.0,0.0,0.0,0.0,0.0,0.0,0.0,0.0,0.0
O,119069,            Hydrogenophilales,,0.0,,,0.0,,,,0.0,,0.0,0.0,0.0,,,,0.0,,,,,,,,,,,,,0.0,,,,,,,0.0,0.0,,,0.0,0.0,
R1,131567,  cellular organisms,100.0,100.0,100.0,100.0,100.0,100.0,100.0,100.0,100.0,100.0,100.0,100.0,100.0,100.0,100.0,100.0,100.0,100.0,100.0,100.0,100.0,100.0,100.0,100.0,100.0,100.0,100.0,100.0,100.0,100.0,100.0,100.0,100.0,100.0,100.0,100.0,100.0,100.0,100.0,100.0,100.0,100.0,100.0
O,134621,              Limisphaerales,0.0,0.0,0.0,0.0,0.0,0.0,0.0,0.0,0.0,0.0,0.0,0.0,0.01,0.01,0.01,0.0,0.0,0.0,0.0,0.0,0.0,0.0,0.0,0.0,0.0,0.0,0.0,0.0,0.0,0.0,0.0,0.0,0.0,0.0,0.0,0.0,0.0,0.0,0.0,0.0,0.0,0.0,0.0
P,134625,          Kiritimatiellota,,0.01,,0.01,,0.01,0.02,0.02,,0.02,,,0.05,0.06,0.05,,,,0.0,,0.01,0.01,0.01,,,,0.01,0.01,0.01,0.0,0.01,0.01,0.01,0.0,0.01,0.01,0.02,0.02,0.02,0.01,,0.01,0.01
O,135613,            Chromatiales,0.01,0.02,0.02,0.02,0.04,0.04,0.04,0.04,0.03,0.05,0.06,0.06,0.09,0.08,0.09,0.0,0.0,0.0,0.02,0.02,0.01,0.02,0.02,0.02,0.02,0.03,0.02,0.02,0.01,0.02,0.02,0.01,0.02,0.02,0.02,0.02,0.03,0.03,0.03,0.01,0.02,0.02,0.03
O,135614,            Lysobacterales,8.61,8.12,5.59,8.59,6.08,6.09,3.74,2.58,2.5,2.05,2.16,1.99,1.45,1.45,1.42,20.34,16.1,15.79,9.07,10.6,9.28,6.54,6.25,5.67,4.87,4.76,5.14,16.91,15.63,12.48,7.87,8.5,7.33,7.48,6.48,6.69,5.22,5.34,4.91,6.48,6.6,7.78,7.19
O,135615,            Cardiobacteriales,0.0,,0.0,,,0.0,0.0,0.0,0.0,0.0,0.0,0.0,0.0,0.01,0.01,,,,0.0,0.0,0.0,0.0,,,0.0,0.0,0.0,0.0,,0.0,0.0,0.0,0.0,0.0,,,0.0,0.0,0.0,0.0,,,0.0
O,135618,            Methylococcales,0.01,0.01,0.01,0.02,0.02,0.02,0.03,0.03,0.02,0.03,0.05,0.04,0.24,0.24,0.26,0.0,0.0,0.0,0.01,0.01,0.01,0.02,0.01,0.01,0.02,0.02,0.01,0.01,0.01,0.01,0.03,0.02,0.03,0.03,0.03,0.03,0.04,0.04,0.04,0.02,0.01,0.02,0.04
O,135619,            Oceanospirillales,0.0,0.01,0.01,0.01,0.02,0.01,0.02,0.02,0.03,0.03,0.03,0.02,0.05,0.05,0.05,0.0,0.0,0.0,0.01,0.01,0.01,0.02,0.02,0.02,0.01,0.01,0.01,0.0,0.0,0.0,0.01,0.01,0.01,0.01,0.01,0.01,0.02,0.02,0.02,0.01,0.01,0.01,0.01
O,135622,            Alteromonadales,0.13,0.01,0.0,0.0,0.01,0.0,0.01,0.01,0.87,0.02,0.0,0.01,0.03,0.02,0.02,0.0,0.0,0.0,0.0,0.0,0.0,0.0,0.01,0.01,0.0,0.0,0.0,0.0,0.0,0.0,0.0,0.0,0.0,0.48,0.02,0.0,0.0,0.01,0.0,0.0,0.0,0.0,0.0
O,135623,            Vibrionales,0.0,0.0,0.0,0.0,0.0,0.0,0.01,0.15,0.0,0.01,0.01,0.01,0.01,0.01,0.12,0.0,0.0,0.0,0.0,0.0,0.0,0.0,0.0,0.01,0.0,0.01,0.0,0.0,0.0,0.0,0.0,0.0,0.0,0.0,0.01,0.0,0.0,0.0,0.0,0.0,0.0,0.0,0.0
O,135624,            Aeromonadales,0.02,0.04,0.02,0.07,0.04,0.08,0.16,0.08,0.01,0.16,0.06,0.02,0.12,0.14,0.28,0.01,0.01,0.01,0.01,0.03,0.02,0.01,0.03,0.1,0.01,0.03,0.01,0.05,0.06,0.05,0.11,0.06,0.02,0.02,0.06,0.05,0.08,0.02,0.07,0.03,0.01,0.02,0.03
O,135625,            Pasteurellales,0.0,0.0,,0.0,0.0,0.0,0.0,0.0,0.0,0.0,0.0,0.0,0.0,0.0,0.0,0.0,0.0,0.0,0.0,0.0,0.0,0.0,0.0,,0.0,0.0,0.0,0.0,0.0,0.0,0.0,0.0,0.0,0.0,0.0,0.0,0.0,0.0,0.0,0.0,0.0,0.0,0.0
P,142182,          Gemmatimonadota,0.03,0.05,0.05,0.08,0.11,0.11,0.16,0.14,0.09,0.15,0.17,0.17,0.15,0.15,0.16,0.01,0.01,0.01,0.04,0.04,0.03,0.05,0.05,0.04,0.05,0.06,0.04,0.01,0.01,0.02,0.05,0.03,0.05,0.05,0.06,0.05,0.07,0.07,0.08,0.04,0.05,0.03,0.06
O,171549,                Bacteroidales,0.03,0.03,0.03,0.08,0.13,0.12,0.1,0.02,0.03,0.05,0.02,0.03,0.05,0.02,0.02,0.0,0.0,0.0,0.02,0.03,0.03,0.02,0.01,0.02,0.03,0.05,0.03,0.0,0.0,0.0,0.0,0.0,0.01,0.01,0.02,0.01,0.02,0.01,0.02,0.02,0.03,0.01,0.0
P1,171558,              Bacteroidota incertae sedis,,,,,,,,,,,,,,,,,,,,,,,,,,,,,,,,,0.0,,,,,,,,,0.0,
C,183925,            Methanobacteria,0.0,0.0,0.0,0.0,0.0,0.0,0.0,,0.0,0.0,0.0,0.0,0.0,0.0,0.0,0.0,0.0,0.0,0.0,0.0,0.0,0.0,0.0,0.0,0.0,0.0,0.0,0.0,0.0,0.0,0.0,0.0,0.0,0.0,0.0,0.0,0.0,0.0,0.0,0.0,0.0,0.0,0.0
C,183963,            Halobacteria,0.0,0.0,0.0,0.0,0.0,0.0,0.0,0.0,0.0,0.0,0.0,0.0,0.01,0.0,0.0,0.0,0.0,0.0,0.0,0.0,0.0,0.0,0.0,0.0,0.0,0.0,0.0,0.0,0.0,0.0,0.0,0.0,0.0,0.0,0.0,0.0,0.0,0.0,0.0,0.0,0.0,0.0,0.0
C,183967,          Thermoplasmata,,,,,,,,,,,,,0.0,0.0,0.0,,,,,,,,,,0.0,,,0.0,0.0,,,,0.0,0.0,,,0.0,,,0.0,,,0.0
C,183968,          Thermococci,,,,0.0,,,,,,0.0,,,,0.0,,0.0,,,,,,0.0,,,,,,,,,,,,0.0,,,,,,,,,
C,186801,          Clostridia,0.01,0.01,0.02,0.02,0.03,0.02,0.02,0.02,0.03,0.05,0.03,0.04,0.11,0.07,0.09,0.0,0.01,0.0,0.01,0.01,0.01,0.01,0.01,0.01,0.02,0.02,0.02,0.0,0.0,0.0,0.01,0.01,0.01,0.01,0.01,0.01,0.02,0.01,0.02,0.02,0.01,0.04,0.01
O,186802,            Eubacteriales,0.01,0.01,0.01,0.01,0.01,0.01,0.01,0.01,0.02,0.03,0.01,0.02,0.06,0.02,0.05,0.0,0.0,0.0,0.0,0.01,0.01,0.01,0.01,0.01,0.01,0.01,0.01,0.0,0.0,0.0,0.0,0.01,0.0,0.01,0.01,0.01,0.01,0.01,0.01,0.01,0.01,0.0,0.01
O,186826,            Lactobacillales,0.02,0.03,0.03,0.04,0.05,0.05,0.24,0.0,0.01,0.02,0.01,0.01,0.4,0.15,0.04,0.0,0.01,0.0,0.0,0.0,0.01,0.01,0.0,0.0,0.01,0.09,0.0,0.01,0.0,0.01,0.01,0.0,0.0,0.01,0.01,0.0,0.03,0.01,0.01,0.01,0.0,0.01,0.01
C,187857,          Aquificia,,0.0,,0.0,0.0,,0.0,0.0,0.0,0.0,,0.0,0.0,0.0,0.0,,,,,,,,,,0.0,0.0,,0.0,,0.0,,,,0.0,,,0.0,,0.0,0.0,,,
C,188708,          Thermotogae,,,,,0.0,,,0.0,,,,,,,0.0,,,,,0.0,0.0,,,,,,,,,,,,,,,,,,,0.0,,,
O,188710,            Thermodesulfobacteriales,,,,,0.0,0.0,,,,,0.0,,,,,,,,0.0,,,,,,,,,0.0,,,,,,0.0,,0.0,,,,,0.0,,
C,188787,          Deinococci,0.21,0.25,0.22,0.01,0.01,0.01,0.01,0.01,0.01,0.01,0.01,0.01,0.04,0.03,0.03,0.12,0.12,0.12,0.02,0.01,0.0,0.01,0.01,0.01,0.01,0.0,0.0,0.12,0.11,0.13,0.04,0.02,0.01,0.02,0.01,0.01,0.01,0.01,0.01,0.02,0.02,0.04,0.04
O,189769,            Chrysiogenales,,,,,,,,,,,0.01,,0.01,0.01,0.01,,,,0.0,0.0,,,,,,0.0,,,,,,,,,,,,0.0,,,,0.0,
C,189775,          Thermomicrobia,0.0,0.0,0.0,0.0,0.0,0.0,0.0,0.0,0.0,0.0,0.0,0.0,0.0,0.0,0.0,0.0,0.0,0.0,0.0,0.0,0.0,0.0,0.0,0.0,0.0,0.0,0.0,0.0,0.0,0.0,0.0,0.0,0.0,0.0,0.0,0.0,0.0,0.0,0.0,0.0,0.0,0.0,0.0
O,189776,            Thermomicrobiales,,,,,,,,0.0,,,,,0.0,,0.0,,,,,,,0.0,,,0.0,0.0,,,0.0,0.0,,,,,,,,,,,,,
O,189778,            Nitrospirales,0.03,0.04,0.04,0.04,0.05,0.05,0.05,0.04,0.03,0.05,0.05,0.05,0.08,0.09,0.09,0.01,0.02,0.01,0.02,0.02,0.01,0.02,0.01,0.01,0.02,0.02,0.02,0.01,0.01,0.02,0.03,0.02,0.02,0.03,0.03,0.02,0.03,0.04,0.04,0.02,0.02,0.02,0.04
O,191393,            Deferribacterales,0.0,0.0,,0.0,,0.0,0.0,,,,,,0.0,0.0,0.0,,,,,,,,,0.0,,0.0,,,,,0.0,,,,,,,,,,,0.0,
C,191410,              Chlorobiia,0.0,0.0,0.0,0.0,0.0,0.0,0.0,0.0,0.0,0.0,0.0,0.0,0.0,0.0,0.0,0.0,0.0,0.0,0.0,0.0,0.0,0.0,0.0,0.0,0.0,0.0,0.0,0.0,0.0,0.0,0.0,0.0,0.0,0.0,0.0,0.0,0.0,0.0,0.0,0.0,0.0,0.0,0.0
O,191411,                Chlorobiales,0.0,0.0,0.0,0.0,0.0,0.0,0.0,0.0,0.0,0.0,0.0,0.0,0.0,0.0,0.0,0.0,0.0,0.0,0.0,0.0,0.0,0.0,0.0,0.0,0.0,0.0,0.0,0.0,0.0,0.0,0.0,0.0,0.0,0.0,0.0,0.0,0.0,0.0,0.0,0.0,0.0,0.0,0.0
C,200643,              Bacteroidia,0.03,0.03,0.03,0.08,0.13,0.12,0.1,0.02,0.03,0.05,0.02,0.03,0.05,0.02,0.02,0.0,0.01,0.0,0.02,0.04,0.04,0.03,0.01,0.02,0.03,0.06,0.03,0.0,0.0,0.0,0.01,0.0,0.01,0.01,0.02,0.01,0.02,0.02,0.02,0.02,0.03,0.01,0.0
O,200644,                Flavobacteriales,1.21,1.44,1.66,1.42,1.37,1.28,0.68,0.73,1.37,1.19,1.04,1.07,2.86,2.66,2.48,1.17,1.54,1.47,1.67,1.39,1.65,0.66,0.45,0.93,0.53,0.58,0.94,10.43,12.16,10.78,6.5,5.08,3.43,2.37,2.12,1.57,1.23,1.26,1.12,0.71,0.72,4.19,3.55
O,200666,                Sphingobacteriales,0.05,0.06,0.06,0.08,0.1,0.13,0.08,0.16,0.12,0.32,0.27,0.24,0.02,0.03,0.02,0.04,0.06,0.03,0.04,0.11,0.13,0.08,0.37,0.08,0.08,0.12,0.12,0.04,0.04,0.02,0.02,0.03,0.03,0.03,0.03,0.03,0.04,0.05,0.04,0.07,0.06,0.02,0.02
P,200783,        Aquificota,,0.0,,0.0,0.0,,0.0,0.0,0.0,0.0,,0.0,0.0,0.0,0.0,,,,,,,,,,0.0,0.0,,0.0,,0.0,,,,0.0,,,0.0,,0.0,0.0,,,
P,200795,        Chloroflexota,0.0,0.01,0.01,0.01,0.01,0.01,0.01,0.01,0.01,0.01,0.01,0.01,0.04,0.03,0.03,0.0,0.0,0.0,0.01,0.0,0.0,0.01,0.0,0.0,0.01,0.01,0.01,0.0,0.0,0.0,0.01,0.0,0.01,0.01,0.01,0.01,0.01,0.01,0.01,0.01,0.01,0.0,0.01
P,200918,        Thermotogota,,,,,0.0,,,0.0,,,,,,,0.0,,,,,0.0,0.0,,,,,,,,,,,,,,,,,,,0.0,,,
P,200930,        Deferribacterota,0.0,0.0,,0.0,,0.0,0.0,,,,,,0.0,0.0,0.0,,,,,,,,,0.0,,0.0,,,,,0.0,,,,,,,,,,,0.0,
P,200938,        Chrysiogenota,,,,,,,,,,,0.01,,0.01,0.01,0.01,,,,0.0,0.0,,,,,,0.0,,,,,,,,,,,,0.0,,,,0.0,
P,200940,        Thermodesulfobacteriota,0.01,0.02,0.02,0.04,0.07,0.08,0.1,0.07,0.06,0.07,0.1,0.09,0.33,0.39,0.34,0.0,0.0,0.01,0.03,0.02,0.01,0.03,0.03,0.02,0.03,0.04,0.02,0.01,0.01,0.02,0.03,0.02,0.04,0.04,0.05,0.05,0.06,0.06,0.08,0.02,0.03,0.02,0.05
P,201174,        Actinomycetota,7.45,8.94,9.49,6.16,5.46,5.44,7.09,6.01,4.42,6.34,6.72,6.94,12.56,12.37,11.41,7.24,5.96,7.77,4.91,3.92,2.88,3.55,3.18,2.63,3.85,3.79,3.59,13.92,13.1,14.25,6.03,4.09,4.41,4.76,4.44,4.61,5.19,5.06,5.09,4.18,4.53,5.54,6.32
C,203486,          Dictyoglomia,,,,,,,,,,,,,,,,,,,,,,,,,,,,,,,,,,,,0.0,,,,,,,
O,203487,            Dictyoglomales,,,,,,,,,,,,,,,,,,,,,,,,,,,,,,,,,,,,0.0,,,,,,,
C,203490,          Fusobacteriia,0.0,0.0,0.0,0.0,0.0,0.0,0.0,0.0,0.0,0.0,0.0,0.0,0.0,0.0,0.0,0.0,0.0,0.0,,0.0,0.0,0.0,0.0,0.0,0.0,0.0,0.0,0.0,0.0,0.0,0.0,,0.0,0.0,0.0,,0.0,0.0,,0.0,0.0,0.0,0.0
O,203491,            Fusobacteriales,0.0,0.0,0.0,0.0,0.0,0.0,0.0,0.0,0.0,0.0,0.0,0.0,0.0,0.0,0.0,0.0,0.0,0.0,,0.0,0.0,0.0,0.0,0.0,0.0,0.0,0.0,0.0,0.0,0.0,0.0,,0.0,0.0,0.0,,0.0,0.0,,0.0,0.0,0.0,0.0
C,203494,            Verrucomicrobiia,0.02,0.02,0.02,0.03,0.03,0.02,0.03,0.01,0.01,0.02,0.02,0.02,0.09,0.08,0.08,0.02,0.02,0.03,0.04,0.03,0.03,0.02,0.02,0.03,0.03,0.03,0.02,0.02,0.02,0.03,0.07,0.08,0.09,0.07,0.07,0.06,0.06,0.07,0.07,0.02,0.02,0.06,0.05
P,203682,          Planctomycetota,0.21,0.26,0.27,0.16,0.2,0.2,0.21,0.21,0.18,0.26,0.28,0.27,0.49,0.49,0.48,0.11,0.11,0.11,0.12,0.15,0.11,0.13,0.13,0.11,0.17,0.18,0.16,0.09,0.08,0.11,0.13,0.11,0.13,0.14,0.14,0.13,0.17,0.17,0.18,0.15,0.15,0.12,0.14
C,203683,            Planctomycetia,0.21,0.26,0.27,0.16,0.2,0.2,0.21,0.21,0.17,0.26,0.27,0.27,0.48,0.48,0.47,0.11,0.11,0.11,0.12,0.15,0.11,0.13,0.13,0.11,0.17,0.18,0.16,0.09,0.08,0.11,0.12,0.11,0.13,0.13,0.14,0.13,0.17,0.17,0.18,0.15,0.15,0.12,0.14
P,203691,        Spirochaetota,0.0,0.01,0.0,0.01,0.01,0.01,0.02,0.01,0.01,0.02,0.03,0.01,0.04,0.04,0.04,0.0,0.0,0.0,0.0,0.01,0.0,0.0,0.0,0.0,0.0,0.01,0.01,0.0,0.0,0.0,0.0,0.0,0.0,0.0,0.0,0.0,0.01,0.01,0.0,0.0,0.0,0.0,0.01
C,203692,          Spirochaetia,0.0,0.01,0.0,0.01,0.01,0.01,0.02,0.01,0.01,0.02,0.03,0.01,0.04,0.04,0.04,0.0,0.0,0.0,0.0,0.01,0.0,0.0,0.0,0.0,0.0,0.01,0.01,0.0,0.0,0.0,0.0,0.0,0.0,0.0,0.0,0.0,0.01,0.01,0.0,0.0,0.0,0.0,0.01
C,203693,          Nitrospiria,0.03,0.04,0.04,0.04,0.05,0.05,0.05,0.04,0.03,0.05,0.05,0.05,0.08,0.09,0.09,0.01,0.02,0.01,0.02,0.02,0.01,0.02,0.01,0.01,0.02,0.02,0.02,0.01,0.01,0.02,0.03,0.02,0.02,0.03,0.03,0.02,0.03,0.04,0.04,0.02,0.02,0.02,0.04
P,204428,          Chlamydiota,0.0,0.0,0.0,0.0,0.0,0.0,0.0,0.0,0.0,0.0,0.0,0.0,0.0,0.0,0.0,0.0,0.0,0.0,0.0,0.0,0.0,0.0,0.0,0.0,0.0,0.0,0.0,0.0,0.0,0.0,0.0,0.0,0.0,0.0,0.0,0.0,0.0,0.0,0.0,0.0,0.0,0.0,0.0
C,204429,            Chlamydiia,0.0,0.0,0.0,0.0,0.0,0.0,0.0,0.0,0.0,0.0,0.0,0.0,0.0,0.0,0.0,0.0,0.0,0.0,0.0,0.0,0.0,0.0,0.0,0.0,0.0,0.0,0.0,0.0,0.0,0.0,0.0,0.0,0.0,0.0,0.0,0.0,0.0,0.0,0.0,0.0,0.0,0.0,0.0
C,204432,          Terriglobia,0.01,0.01,0.01,0.02,0.02,0.02,0.02,0.02,0.02,0.03,0.03,0.03,0.03,0.03,0.03,0.0,0.0,0.0,0.01,0.01,0.01,0.01,0.01,0.01,0.01,0.01,0.01,0.0,0.0,0.0,0.01,0.01,0.01,0.01,0.01,0.01,0.01,0.01,0.01,0.01,0.01,0.01,0.01
O,204433,            Terriglobales,0.01,0.01,0.01,0.01,0.02,0.02,0.02,0.02,0.01,0.02,0.02,0.02,0.03,0.02,0.02,0.0,0.0,0.0,0.01,0.01,0.01,0.01,0.01,0.01,0.01,0.01,0.01,0.0,0.0,0.0,0.01,0.01,0.01,0.01,0.01,0.01,0.01,0.01,0.01,0.01,0.01,0.01,0.01
O,204441,            Rhodospirillales,0.03,0.05,0.05,0.04,0.05,0.05,0.05,0.05,0.04,0.06,0.06,0.06,0.14,0.1,0.09,0.02,0.02,0.02,0.03,0.04,0.03,0.03,0.03,0.03,0.04,0.04,0.03,0.02,0.02,0.03,0.03,0.03,0.03,0.04,0.04,0.04,0.05,0.05,0.05,0.03,0.04,0.03,0.04
O,204455,            Rhodobacterales,2.89,3.07,2.86,2.18,2.39,2.43,2.11,2.14,2.32,3.04,2.8,2.77,2.49,2.42,2.44,1.84,2.15,1.95,1.87,2.29,1.78,2.15,2.09,1.79,2.29,2.12,2.26,1.34,1.33,1.46,1.59,1.59,1.5,1.81,1.71,1.71,1.63,1.63,1.55,3.14,3.0,2.36,2.19
O,204457,            Sphingomonadales,51.42,45.25,44.6,46.41,45.07,45.74,40.68,47.72,55.34,45.76,42.31,41.22,4.23,4.39,4.46,42.28,46.57,43.15,53.6,52.0,56.61,55.61,57.32,59.3,55.84,54.85,56.51,19.48,19.87,20.02,39.75,50.06,47.12,45.51,45.7,47.29,42.57,42.08,41.25,57.3,54.83,49.38,40.3
O,204458,            Caulobacterales,1.81,1.69,2.57,0.33,0.7,0.69,1.27,1.46,1.84,0.27,0.6,1.42,0.38,0.37,0.36,2.51,2.76,4.21,1.17,1.83,1.6,2.99,3.15,3.06,1.79,2.25,3.75,2.85,3.07,2.99,3.8,3.73,3.42,3.06,2.86,3.12,2.81,2.94,2.74,2.46,1.43,3.16,2.66
O,206351,            Neisseriales,0.02,0.04,0.04,0.1,0.13,0.13,0.22,0.18,0.15,0.25,0.29,0.28,0.27,0.28,0.27,0.01,0.01,0.01,0.07,0.07,0.05,0.1,0.08,0.08,0.02,0.12,0.02,0.01,0.01,0.02,0.09,0.07,0.09,0.1,0.11,0.1,0.14,0.15,0.16,0.08,0.09,0.06,0.11
O,206389,            Rhodocyclales,0.32,0.57,0.45,0.72,1.26,1.19,1.88,1.13,0.75,1.9,1.7,1.62,5.12,4.64,4.99,0.09,0.06,0.09,0.44,0.39,0.43,0.5,0.45,0.51,0.74,0.85,0.7,0.21,0.18,0.32,0.81,0.43,1.03,0.92,0.99,0.82,1.36,1.15,1.22,0.41,0.55,0.45,0.93
O,213115,            Desulfovibrionales,0.0,0.0,0.0,0.01,0.0,0.02,0.03,0.02,0.01,0.01,0.01,0.02,0.08,0.08,0.07,0.0,0.0,0.0,0.0,0.0,0.0,0.0,0.0,0.01,0.01,0.01,0.0,0.0,0.0,0.01,0.01,0.0,0.01,0.01,0.01,0.01,0.01,0.01,0.01,0.0,0.0,0.0,0.01
O,213118,            Desulfobacterales,0.0,0.0,0.0,0.0,0.01,0.01,0.01,0.01,0.0,0.01,0.01,0.01,0.05,0.06,0.05,0.0,0.0,0.0,0.0,0.0,0.0,0.0,0.0,0.0,0.0,0.0,0.0,0.0,0.0,0.0,0.0,0.0,0.0,0.0,0.01,0.01,0.01,0.01,0.01,0.0,0.0,0.0,0.0
O,213462,            Syntrophobacterales,0.0,0.0,0.0,0.0,0.0,0.0,0.0,0.0,0.0,0.01,0.01,0.01,0.02,0.02,0.02,0.0,0.0,0.0,0.0,0.0,0.0,0.0,0.0,0.0,0.0,0.0,0.0,0.0,0.0,0.0,0.0,0.0,0.0,0.0,0.0,0.0,0.0,0.0,0.01,0.0,0.0,0.0,0.0
O,213481,            Bdellovibrionales,0.0,0.0,0.0,0.0,0.0,0.0,0.0,0.0,0.0,0.0,0.0,0.0,0.0,0.0,0.0,0.0,0.0,0.0,0.0,0.0,0.0,0.0,0.0,0.0,0.0,0.0,0.0,0.0,0.0,0.0,0.0,0.0,0.0,0.0,0.0,0.0,0.0,0.0,0.0,0.0,0.0,0.0,0.0
O,213849,            Campylobacterales,0.0,0.0,0.0,0.0,0.01,0.01,0.01,0.0,0.0,0.0,0.0,0.0,0.01,0.01,0.01,0.0,0.0,0.0,0.0,0.0,0.0,0.0,0.0,0.0,0.0,0.0,0.0,0.0,0.0,0.0,0.0,0.0,0.0,0.0,0.0,0.0,0.0,0.0,0.0,0.0,0.0,0.0,0.0
C,219685,            Gemmatimonadia,0.03,0.05,0.05,0.08,0.11,0.11,0.16,0.14,0.09,0.15,0.17,0.17,0.15,0.15,0.15,0.01,0.01,0.01,0.04,0.04,0.03,0.05,0.05,0.04,0.05,0.06,0.04,0.01,0.01,0.02,0.05,0.03,0.05,0.05,0.06,0.05,0.07,0.07,0.08,0.04,0.05,0.03,0.06
O,219686,              Gemmatimonadales,0.03,0.05,0.05,0.08,0.11,0.1,0.16,0.14,0.09,0.14,0.17,0.16,0.15,0.15,0.15,0.01,0.01,0.01,0.04,0.04,0.03,0.05,0.05,0.04,0.05,0.06,0.04,0.01,0.01,0.02,0.05,0.03,0.05,0.05,0.06,0.05,0.07,0.07,0.08,0.04,0.05,0.03,0.06
P,221235,          Candidatus Absconditibacteriota,,,,,0.0,0.0,,,,,,,0.0,,,,,,,,0.0,,,,,,0.0,,,,,,,,0.0,,,,,,,,
C,224756,            Methanomicrobia,0.0,0.0,0.0,0.0,0.0,0.0,0.0,0.0,0.0,0.0,0.0,0.0,0.01,0.01,0.01,0.0,0.0,0.0,0.0,0.0,0.0,0.0,0.0,0.0,0.0,0.0,0.0,0.0,0.0,0.0,0.0,0.0,0.0,0.0,0.0,0.0,0.0,0.0,0.0,0.0,0.0,0.0,0.0
O,225057,            Acidithiobacillales,0.0,0.0,0.0,0.01,0.0,0.01,0.01,0.0,0.0,0.01,0.01,0.01,0.02,0.02,0.02,0.0,0.0,0.0,0.0,0.0,0.0,0.0,0.0,0.0,0.0,0.0,0.0,0.0,0.0,0.0,0.0,0.0,0.0,0.0,0.0,0.0,0.01,0.0,0.01,0.0,0.0,0.0,0.0
O,235899,            Nautiliales,,,,,,,,,,,,,0.0,,,,,,,,,,,,,,,,,,,,,,,,,,,,,,
O,255473,            Parvularculales,0.0,0.0,0.0,0.0,0.0,0.0,0.0,0.0,0.0,0.0,0.0,0.0,0.0,0.0,0.0,0.0,0.0,0.0,0.0,0.0,0.0,0.0,0.0,0.0,0.0,0.0,0.0,0.0,0.0,0.0,0.0,0.0,0.0,0.0,0.0,0.0,0.0,0.0,0.0,0.0,0.0,0.0,0.0
P,256845,          Lentisphaerota,,,,,,,,,,,,,,,,,,,,,,,,,,,,,0.0,,,,,,,,,,,,,,
O,278081,              Lentisphaerales,,,,,,,,,,,,,,,,,,,,,,,,,,,,,0.0,,,,,,,,,,,,,,
C,292625,          Anaerolineae,0.0,0.0,0.0,0.0,0.0,0.0,0.0,0.0,0.0,0.0,0.0,0.0,0.01,0.01,0.01,0.0,0.0,0.0,0.0,0.0,0.0,0.0,0.0,0.0,0.0,0.0,0.0,0.0,0.0,0.0,0.0,0.0,0.0,0.0,0.0,0.0,0.0,0.0,0.0,0.0,0.0,0.0,0.0
O,292629,            Anaerolineales,0.0,0.0,0.0,0.0,0.0,0.0,0.0,0.0,0.0,0.0,0.0,0.0,0.01,0.01,0.01,0.0,0.0,0.0,0.0,0.0,0.0,0.0,0.0,0.0,0.0,0.0,0.0,0.0,0.0,0.0,0.0,0.0,0.0,0.0,0.0,0.0,0.0,0.0,0.0,0.0,0.0,0.0,0.0
C,301297,          Dehalococcoidia,,0.0,0.0,0.0,0.0,0.0,0.0,0.0,0.0,0.0,0.0,0.0,0.01,0.0,0.0,0.0,,0.0,0.0,0.0,0.0,0.0,0.0,0.0,0.0,0.0,0.0,0.0,0.0,0.0,0.0,,0.0,0.0,0.0,0.0,0.0,0.0,0.0,0.0,0.0,0.0,0.0
O,307595,              Gloeobacterales,0.0,,0.0,0.0,,0.0,0.0,0.0,,0.0,0.0,0.0,0.0,0.0,0.0,,,,0.0,0.0,0.0,0.0,0.0,0.0,0.0,0.0,,0.0,0.0,,0.0,,0.0,0.0,0.0,0.0,0.0,0.0,0.0,,0.0,0.0,0.0
C4,314146,                                            Euarchontoglires,0.66,0.79,0.8,0.99,1.0,0.99,1.12,0.88,0.78,1.15,1.19,1.15,2.04,2.1,2.12,0.37,0.36,0.36,0.7,0.6,0.61,0.61,0.62,0.57,0.79,0.8,0.7,0.4,0.39,0.51,0.69,0.56,0.69,0.72,0.76,0.77,0.96,0.94,0.99,0.63,0.67,0.58,0.79
O,332160,            Bryobacterales,0.0,0.0,0.0,0.0,0.0,0.0,0.0,0.0,0.0,0.01,0.0,0.0,0.01,0.0,0.0,0.0,0.0,0.0,0.0,0.0,0.0,0.0,0.0,0.0,0.0,0.0,0.0,0.0,0.0,0.0,0.0,0.0,0.0,0.0,0.0,0.0,0.0,0.0,0.0,0.0,0.0,0.0,0.0
O,362534,            Kordiimonadales,0.0,0.0,0.0,0.0,0.0,0.0,0.0,0.0,0.0,0.0,0.0,0.0,0.0,,0.0,0.0,0.0,0.0,0.0,0.0,0.0,0.0,0.0,,0.0,0.0,0.0,0.0,0.0,0.0,0.0,0.0,0.0,,0.0,0.0,0.0,0.0,0.0,0.0,,0.0,0.0
C,388447,          Ktedonobacteria,0.0,0.0,0.0,0.0,0.0,0.0,0.0,0.0,0.0,0.0,0.0,0.0,0.0,0.0,0.0,0.0,0.0,0.0,0.0,0.0,0.0,0.0,0.0,0.0,0.0,0.0,0.0,,0.0,0.0,0.0,0.0,0.0,0.0,0.0,0.0,0.0,0.0,0.0,0.0,0.0,0.0,0.0
O,388448,            Ktedonobacterales,0.0,0.0,0.0,0.0,0.0,0.0,0.0,0.0,0.0,0.0,0.0,0.0,0.0,0.0,0.0,0.0,0.0,0.0,0.0,0.0,0.0,0.0,0.0,0.0,0.0,0.0,0.0,,0.0,0.0,0.0,0.0,0.0,0.0,0.0,0.0,0.0,0.0,0.0,0.0,0.0,0.0,0.0
O,414714,            Catenulisporales,0.0,0.0,0.0,0.0,0.0,,,,0.0,,0.0,,,0.0,0.0,,,,0.0,,,0.0,,,,,0.0,,0.0,0.0,0.0,,,,,0.0,0.0,0.0,0.0,,,,
C,414999,            Opitutia,0.01,0.02,0.03,0.02,0.04,0.03,0.04,0.03,0.03,0.03,0.05,0.05,0.05,0.05,0.06,0.0,0.0,0.01,0.01,0.02,0.01,0.01,0.01,0.01,0.02,0.03,0.01,0.01,0.01,0.01,0.01,0.01,0.01,0.01,0.02,0.01,0.02,0.02,0.02,0.01,0.02,0.01,0.02
O,415000,              Opitutales,0.01,0.02,0.03,0.02,0.04,0.03,0.04,0.03,0.03,0.03,0.05,0.05,0.05,0.05,0.05,0.0,0.0,0.01,0.01,0.02,0.01,0.01,0.01,0.01,0.02,0.02,0.01,0.01,0.01,0.01,0.01,0.01,0.01,0.01,0.01,0.01,0.02,0.02,0.02,0.01,0.02,0.01,0.02
O,415001,              Puniceicoccales,0.0,,,0.0,0.0,0.0,0.0,,,,,0.0,0.01,0.01,0.01,0.0,,0.0,0.0,,0.0,0.0,0.0,,0.0,0.0,,,0.0,0.0,0.0,0.0,0.0,,0.0,0.0,0.0,0.0,,0.0,0.0,,0.0
C,447830,          Endomicrobiia,,,,,,,,0.0,,,,,,,,,,,,,,,,,,,,,,,,,,0.0,,0.0,,,,,,,
O,453227,            Desulfarculales,,0.0,0.0,0.0,0.0,0.0,0.0,0.0,0.0,0.0,0.0,0.0,0.01,0.01,0.01,0.0,0.0,0.0,0.0,0.0,,0.0,,0.0,0.0,0.0,0.0,0.0,0.0,0.0,0.0,0.0,0.0,0.0,0.0,0.0,0.0,0.0,0.0,0.0,0.0,0.0,0.0
P,456828,          Candidatus Cloacimonadota,,,,,,,,,,,,,,,,,,,,,,,,0.0,,,,,,,,,,,,,,,,,,,
C,475962,          Caldilineae,0.0,0.0,0.0,0.0,0.0,0.0,0.0,0.0,0.0,0.0,0.0,0.0,0.01,0.01,0.01,0.0,0.0,0.0,0.0,0.0,0.0,0.0,0.0,0.0,0.0,0.0,0.0,0.0,0.0,0.0,0.0,0.0,0.0,0.0,0.0,0.0,0.0,0.0,0.0,0.0,0.0,0.0,0.0
O,475963,            Caldilineales,0.0,0.0,0.0,0.0,0.0,0.0,0.0,0.0,0.0,0.0,0.0,0.0,0.01,0.01,0.01,0.0,0.0,0.0,0.0,0.0,0.0,0.0,0.0,0.0,0.0,0.0,0.0,0.0,0.0,0.0,0.0,0.0,0.0,0.0,0.0,0.0,0.0,0.0,0.0,0.0,0.0,0.0,0.0
O,485256,            Natranaerobiales,,,,,,,,,,,,,,,,,,,,,,,,,,,,,,0.0,,,,,,,,,,,,,
P,508458,        Synergistota,0.0,0.0,0.0,0.0,0.0,0.0,0.0,0.0,0.0,0.0,0.0,0.0,0.0,0.0,0.0,0.0,,,0.0,0.0,,0.0,0.0,0.0,0.0,0.0,0.0,0.0,0.0,0.0,0.0,0.0,0.0,0.0,0.0,0.0,0.0,0.0,0.0,0.0,0.0,0.0,0.0
O,510684,            Sneathiellales,,,,,,0.0,0.0,0.0,0.0,,,,0.0,,0.0,,,,0.0,,,,,,,,,,,0.0,0.0,0.0,0.0,,,,,,,,,0.0,
C,526524,          Erysipelotrichia,0.0,0.0,0.0,0.0,0.0,0.0,0.0,0.0,0.0,0.01,0.0,0.0,0.0,0.01,0.03,0.0,0.0,0.0,0.0,0.0,0.0,0.0,0.0,0.0,0.0,0.0,0.0,0.0,0.0,0.0,0.0,0.0,0.0,0.0,0.0,0.0,0.0,0.0,0.0,0.0,0.0,0.0,0.0
O,526525,            Erysipelotrichales,0.0,0.0,0.0,0.0,0.0,0.0,0.0,0.0,0.0,0.01,0.0,0.0,0.0,0.01,0.03,0.0,0.0,0.0,0.0,0.0,0.0,0.0,0.0,0.0,0.0,0.0,0.0,0.0,0.0,0.0,0.0,0.0,0.0,0.0,0.0,0.0,0.0,0.0,0.0,0.0,0.0,0.0,0.0
C,533205,          Holophagae,0.0,0.0,0.0,0.01,0.0,0.0,0.01,0.01,0.0,0.01,0.01,0.01,0.02,0.02,0.02,0.0,0.0,0.0,0.0,0.0,0.0,0.0,0.0,0.0,0.0,0.0,0.0,0.0,0.0,0.0,0.0,0.0,0.0,0.0,0.0,0.0,0.01,0.01,0.01,0.0,0.0,0.0,0.0
O,533206,            Acanthopleuribacterales,,0.0,0.0,0.0,0.0,0.0,0.0,0.0,0.0,0.0,0.0,0.0,0.0,0.0,0.0,0.0,0.0,,0.0,0.0,0.0,,,0.0,,0.0,0.0,,0.0,0.0,0.0,0.0,0.0,0.0,,,0.0,0.0,0.0,0.0,0.0,0.0,0.0
P,544448,        Mycoplasmatota,,,,,0.0,,,,,0.0,,0.0,0.0,,0.0,0.0,,,,,0.0,0.0,,,,0.0,,,,,,,,,,,,,,,,,
O,548681,            Herpesvirales,,,,0.0,,,0.0,,,,,,0.0,0.0,0.0,,,,,,,,,,,,0.0,,,,,,,,,,0.0,,0.0,0.0,,,0.0
O,570264,              Methanocellales,0.0,0.0,0.0,,,0.0,,,0.0,0.0,0.0,0.0,0.0,0.0,0.0,,,,0.0,,,,,0.0,,,0.0,0.0,,,,0.0,,,,,0.0,,0.0,0.0,,,0.0
O,574975,            Holophagales,0.0,0.0,0.0,0.01,0.0,0.0,0.01,0.01,0.0,0.01,0.01,0.01,0.02,0.02,0.02,0.0,0.0,0.0,0.0,0.0,0.0,0.0,0.0,0.0,0.0,0.0,0.0,0.0,0.0,0.0,0.0,0.0,0.0,0.0,0.0,0.0,0.01,0.01,0.01,0.0,0.0,0.0,0.0
C,580370,          Candidatius Mariprofundia,,,,,,0.0,,,0.0,,,,0.0,,,,,,0.0,,,,,,,,,,,,0.0,,,,,,0.0,,,,,,
O,580371,            Mariprofundales,,,,,,0.0,,,0.0,,,,0.0,,,,,,0.0,,,,,,,,,,,,0.0,,,,,,0.0,,,,,,
O,588673,            Solirubrobacterales,0.04,0.05,0.05,0.06,0.07,0.07,0.11,0.09,0.08,0.1,0.11,0.13,0.34,0.33,0.31,0.03,0.02,0.03,0.05,0.05,0.04,0.07,0.06,0.05,0.07,0.07,0.08,0.04,0.04,0.05,0.07,0.05,0.07,0.1,0.1,0.1,0.13,0.12,0.12,0.06,0.07,0.07,0.09
O,588674,            Thermoleophilales,0.0,0.0,0.0,0.0,0.0,0.0,0.0,0.0,0.0,0.0,0.0,0.0,0.0,0.0,0.0,0.0,0.0,0.0,0.0,0.0,0.0,0.0,,0.0,0.0,0.0,0.0,0.0,0.0,0.0,0.0,0.0,0.0,0.0,0.0,0.0,0.0,0.0,0.0,0.0,0.0,0.0,0.0
O,622450,            Actinopolysporales,,,,,,,,0.0,,,,,0.0,0.0,,,,,,,,,,,,,,,,,,,,,0.0,0.0,,,,,,,
O,622452,            Kineosporiales,0.0,0.0,0.0,0.0,0.0,0.0,0.0,0.0,0.0,0.0,0.0,0.0,0.0,0.0,0.0,0.0,0.0,0.0,0.0,0.0,0.0,0.0,0.0,0.0,0.0,0.0,0.0,0.0,0.0,0.0,0.0,0.0,0.0,0.0,0.0,0.0,0.0,0.0,0.0,0.0,0.0,0.0,0.0
C,641853,          Elusimicrobia,,,,,,0.0,,,,,0.0,,0.0,0.0,,,,,,,,,,,,,,,,,,,,,,,,0.0,,,,,
O,641854,            Elusimicrobiales,,,,,,0.0,,,,,0.0,,0.0,0.0,,,,,,,,,,,,,,,,,,,,,,,,0.0,,,,,
C1,648176,            SAR202 cluster,,,,,,,,,,,,,,0.0,,,,,,,,,,,,,,,,0.0,,,,,,,,,,,,,
C,649775,          Synergistia,0.0,0.0,0.0,0.0,0.0,0.0,0.0,0.0,0.0,0.0,0.0,0.0,0.0,0.0,0.0,0.0,,,0.0,0.0,,0.0,0.0,0.0,0.0,0.0,0.0,0.0,0.0,0.0,0.0,0.0,0.0,0.0,0.0,0.0,0.0,0.0,0.0,0.0,0.0,0.0,0.0
O,649776,            Synergistales,0.0,0.0,0.0,0.0,0.0,0.0,0.0,0.0,0.0,0.0,0.0,0.0,0.0,0.0,0.0,0.0,,,0.0,0.0,,0.0,0.0,0.0,0.0,0.0,0.0,0.0,0.0,0.0,0.0,0.0,0.0,0.0,0.0,0.0,0.0,0.0,0.0,0.0,0.0,0.0,0.0
P,651137,        Nitrososphaerota,0.05,0.07,0.07,0.11,0.18,0.13,0.15,0.12,0.08,0.14,0.14,0.14,0.11,0.12,0.13,0.01,0.01,0.01,0.03,0.04,0.02,0.04,0.03,0.02,0.04,0.05,0.03,0.01,0.01,0.02,0.04,0.01,0.03,0.03,0.04,0.02,0.04,0.04,0.04,0.03,0.05,0.02,0.04
C,666505,            Phycisphaerae,0.0,0.0,0.0,0.0,0.0,0.0,0.0,0.0,0.0,0.0,0.0,0.0,0.01,0.01,0.01,0.0,0.0,0.0,0.0,0.0,0.0,0.0,0.0,0.0,0.0,0.0,0.0,0.0,0.0,0.0,0.0,0.0,0.0,0.0,0.0,0.0,0.0,0.0,0.0,0.0,0.0,0.0,0.0
O,666506,              Phycisphaerales,0.0,0.0,0.0,0.0,0.0,0.0,0.0,0.0,0.0,0.0,0.0,0.0,0.0,0.0,0.0,0.0,,0.0,0.0,0.0,0.0,0.0,0.0,0.0,0.0,0.0,0.0,0.0,0.0,0.0,0.0,0.0,0.0,0.0,0.0,0.0,0.0,0.0,0.0,0.0,0.0,0.0,0.0
O,717963,              Methylacidiphilales,,,,,,,0.0,,,0.0,,,0.0,0.0,,,,,,,,,,,0.0,,,,,,,,0.0,,,0.0,,,,,,,
O,742030,            Salinisphaerales,0.0,0.0,0.0,0.0,0.0,0.0,0.0,0.0,0.0,0.0,0.0,0.0,0.0,0.0,0.0,0.0,,0.0,0.0,0.0,0.0,0.0,0.0,0.0,0.0,,0.0,0.0,,0.0,0.0,0.0,0.0,0.0,0.0,,0.0,0.0,0.0,0.0,,0.0,0.0
C,768503,              Cytophagia,0.16,0.15,0.21,0.27,0.53,0.5,0.18,0.21,0.27,0.35,0.32,0.31,0.07,0.08,0.07,0.05,0.08,0.07,0.14,0.43,0.4,0.23,0.18,0.28,0.29,0.27,0.26,0.02,0.03,0.03,0.09,0.1,0.11,0.11,0.14,0.14,0.14,0.13,0.14,0.26,0.18,0.1,0.09
O,768507,                Cytophagales,0.16,0.15,0.21,0.27,0.53,0.5,0.18,0.21,0.27,0.35,0.32,0.31,0.07,0.08,0.07,0.05,0.08,0.07,0.14,0.43,0.4,0.23,0.18,0.28,0.29,0.27,0.26,0.02,0.03,0.03,0.09,0.1,0.11,0.11,0.14,0.14,0.14,0.13,0.14,0.26,0.18,0.1,0.09
C,795747,              Ignavibacteria,0.0,0.0,0.0,0.0,0.0,0.0,0.0,0.0,0.0,0.0,0.0,0.0,0.01,0.01,0.01,0.0,0.0,0.0,0.0,0.0,0.0,0.0,0.0,0.0,0.0,0.0,0.0,0.0,0.0,0.0,0.0,0.0,0.0,0.0,0.0,0.0,0.0,0.0,0.0,0.0,0.0,0.0,0.0
O,795748,                Ignavibacteriales,0.0,0.0,0.0,0.0,0.0,0.0,0.0,0.0,0.0,0.0,0.0,0.0,0.01,0.01,0.01,0.0,0.0,0.0,0.0,0.0,0.0,0.0,0.0,0.0,0.0,0.0,0.0,0.0,0.0,0.0,0.0,0.0,0.0,0.0,0.0,0.0,0.0,0.0,0.0,0.0,0.0,0.0,0.0
C,908620,          Nitriliruptoria,0.0,0.0,0.0,0.0,0.0,0.0,0.0,0.0,0.0,0.0,0.0,0.0,0.01,0.0,0.0,0.0,0.0,0.0,0.0,0.0,0.0,0.0,0.0,0.0,0.0,0.0,0.0,0.0,0.0,0.0,0.0,0.0,0.0,0.0,0.0,0.0,0.0,0.0,0.0,0.0,0.0,0.0,0.0
O,908621,            Euzebyales,,0.0,0.0,,0.0,,0.0,0.0,0.0,0.0,0.0,0.0,0.0,0.0,0.0,0.0,0.0,0.0,0.0,,0.0,0.0,,,,,0.0,0.0,0.0,0.0,0.0,,0.0,,,0.0,0.0,0.0,0.0,0.0,,0.0,0.0
O,909929,            Selenomonadales,0.0,0.0,0.0,0.0,0.0,0.0,0.0,0.0,0.0,0.0,0.0,0.0,0.0,0.0,0.0,0.0,0.0,0.0,0.0,0.0,0.0,0.0,0.0,0.0,0.0,0.0,0.0,0.0,0.0,0.0,0.0,0.0,0.0,0.0,0.0,0.0,0.0,0.0,0.0,0.0,0.0,0.0,0.0
C,909932,          Negativicutes,0.0,0.0,0.0,0.0,0.0,0.0,0.0,0.0,0.0,0.0,0.0,0.0,0.0,0.0,0.01,0.0,0.0,0.0,0.0,0.0,0.0,0.0,0.0,0.0,0.0,0.0,0.0,0.0,0.0,0.0,0.0,0.0,0.0,0.0,0.0,0.0,0.0,0.0,0.0,0.0,0.0,0.0,0.0
O,1033996,            Nitrososphaerales,0.01,0.0,0.0,0.0,0.04,0.0,0.03,0.0,0.0,0.02,0.0,0.0,0.01,0.01,0.01,0.0,0.0,0.0,0.0,0.01,0.0,0.0,0.0,0.0,0.01,0.0,0.0,0.0,0.0,0.0,0.01,0.0,0.0,0.0,0.01,0.0,0.0,0.01,0.01,0.0,0.01,0.0,0.01
C,1042312,          Armatimonadia,0.0,,,0.0,,0.0,0.0,0.0,,0.0,0.0,,0.0,0.0,0.0,,,,0.0,0.0,0.0,0.0,0.0,,0.0,,0.0,,,0.0,0.0,,,0.0,0.0,,,0.0,0.0,,,,0.0
C,1077257,          Chthonomonadia,,,,,,,,,,,,,0.0,,,,,,,,,,,,,,,,,,,,0.0,,0.0,,,,,,,0.0,0.0
O,1077263,            Chthonomonadales,,,,,,,,,,,,,0.0,,,,,,,,,,,,,,,,,,,,0.0,,0.0,,,,,,,0.0,0.0
O,1127829,              Candidatus Brocadiales,0.0,0.0,0.0,0.0,0.0,0.0,0.0,0.0,0.0,0.0,0.0,0.0,0.0,0.0,0.0,0.0,0.0,0.0,0.0,0.0,0.0,0.0,0.0,0.0,0.0,0.0,0.0,0.0,0.0,0.0,0.0,0.0,0.0,0.0,0.0,0.0,0.0,0.0,0.0,0.0,0.0,0.0,0.0
P,1134404,            Ignavibacteriota,0.0,0.0,0.0,0.0,0.0,0.0,0.0,0.0,0.0,0.0,0.0,0.0,0.01,0.01,0.01,0.0,0.0,0.0,0.0,0.0,0.0,0.0,0.0,0.0,0.0,0.0,0.0,0.0,0.0,0.0,0.0,0.0,0.0,0.0,0.0,0.0,0.0,0.0,0.0,0.0,0.0,0.0,0.0
P,1154676,        Vulcanimicrobiota,0.0,0.0,0.0,0.0,,0.0,0.0,,0.0,0.0,0.0,0.0,0.0,0.0,0.0,0.0,,,0.0,0.0,0.0,0.0,0.0,0.0,,0.0,0.0,,0.0,0.0,0.0,0.0,0.0,0.0,0.0,0.0,0.0,0.0,0.0,0.0,0.0,0.0,0.0
O,1191478,            Magnetococcales,,0.0,,,,,,,,0.0,,,,,,,,,,,,,,,,,,,,,0.0,0.0,,,,,,,,0.0,,,
O,1202465,            Dehalococcoidales,,0.0,0.0,0.0,0.0,0.0,0.0,0.0,0.0,0.0,0.0,0.0,0.01,0.0,0.0,0.0,,0.0,0.0,0.0,0.0,0.0,0.0,0.0,0.0,0.0,0.0,0.0,0.0,0.0,0.0,,0.0,0.0,0.0,0.0,0.0,0.0,0.0,0.0,0.0,0.0,0.0
O,1217098,            Jiangellales,0.0,0.0,0.0,0.0,0.0,0.0,0.0,0.0,0.0,0.0,0.0,0.0,0.0,0.0,0.0,0.0,0.0,0.0,0.0,0.0,0.0,0.0,0.0,0.0,0.0,0.0,0.0,0.0,0.0,0.0,0.0,0.0,0.0,0.0,0.0,0.0,0.0,0.0,0.0,0.0,0.0,0.0,0.0
O,1235850,            Methanomassiliicoccales,,,,,,,,,,,,,0.0,0.0,0.0,,,,,,,,,,0.0,,,0.0,0.0,,,,0.0,0.0,,,0.0,,,0.0,,,0.0
O,1240482,            Orbales,,,,,0.0,,,,,,0.0,,,,,,0.0,0.0,,,,,,0.0,,0.0,,,0.0,,,,,0.0,,,,0.0,,,,,
P,1293497,          Nitrospinota,,,,,0.0,,,,,0.0,0.0,,,0.0,,,,,,,,,,0.0,,,,0.0,,,,,,0.0,,,0.0,,,,,,
C,1293498,            Nitrospinia,,,,,0.0,,,,,0.0,0.0,,,0.0,,,,,,,,,,0.0,,,,0.0,,,,,,0.0,,,0.0,,,,,,
O,1293499,              Nitrospinales,,,,,0.0,,,,,0.0,0.0,,,0.0,,,,,,,,,,0.0,,,,0.0,,,,,,0.0,,,0.0,,,,,,
C1,1301283,              Oscillatoriophycideae,0.0,0.0,0.0,0.0,0.01,0.01,0.0,0.01,0.01,0.01,0.01,0.01,0.04,0.04,0.04,0.0,0.0,0.0,0.0,0.0,0.01,0.0,0.01,0.01,0.01,0.01,0.01,0.0,0.01,0.01,0.01,0.01,0.01,0.01,0.02,0.01,0.01,0.01,0.01,0.01,0.01,0.01,0.01
C,1313211,            Lentisphaeria,,,,,,,,,,,,,,,,,,,,,,,,,,,,,0.0,,,,,,,,,,,,,,
P7,1338369,                              Dipnotetrapodomorpha,0.66,0.79,0.8,0.99,1.0,0.99,1.12,0.88,0.78,1.15,1.19,1.15,2.04,2.1,2.12,0.37,0.36,0.36,0.7,0.6,0.61,0.61,0.62,0.57,0.79,0.8,0.7,0.4,0.39,0.51,0.69,0.56,0.69,0.72,0.76,0.77,0.96,0.94,0.99,0.63,0.67,0.58,0.79
C,1382928,          Ardenticatenia,0.0,0.0,0.0,0.0,0.0,0.0,0.0,0.0,0.0,0.0,0.0,0.0,0.0,0.0,0.0,0.0,0.0,0.0,0.0,0.0,0.0,0.0,0.0,0.0,0.0,0.0,0.0,0.0,0.0,0.0,0.0,0.0,0.0,0.0,0.0,0.0,0.0,0.0,0.0,0.0,0.0,0.0,0.0
C3,1437010,                                          Boreoeutheria,0.66,0.79,0.8,0.99,1.0,0.99,1.12,0.88,0.78,1.15,1.19,1.15,2.04,2.1,2.12,0.37,0.36,0.36,0.7,0.6,0.61,0.61,0.62,0.57,0.79,0.8,0.7,0.4,0.39,0.51,0.69,0.56,0.69,0.72,0.76,0.77,0.96,0.94,0.99,0.63,0.67,0.58,0.79
O,1442155,            Ferrovales,0.0,0.0,0.0,0.0,0.0,0.0,0.0,0.0,0.0,0.0,0.0,0.0,0.0,0.0,0.0,,,,,0.0,0.0,0.0,0.0,,0.0,0.0,0.0,0.0,0.0,0.0,0.0,0.0,0.0,0.0,0.0,,0.0,0.0,0.0,0.0,0.0,0.0,0.0
C,1495646,          Thermoflexia,,0.0,0.0,0.0,0.0,0.0,0.0,0.0,0.0,0.0,,0.0,0.0,0.0,0.0,,,,0.0,0.0,,0.0,0.0,,0.0,0.0,0.0,,0.0,0.0,0.0,,0.0,0.0,0.0,0.0,0.0,0.0,0.0,,0.0,0.0,0.0
O,1495647,            Thermoflexales,,0.0,0.0,0.0,0.0,0.0,0.0,0.0,0.0,0.0,,0.0,0.0,0.0,0.0,,,,0.0,0.0,,0.0,0.0,,0.0,0.0,0.0,,0.0,0.0,0.0,,0.0,0.0,0.0,0.0,0.0,0.0,0.0,,0.0,0.0,0.0
C,1497346,          Thermoleophilia,0.06,0.08,0.08,0.11,0.12,0.13,0.19,0.16,0.14,0.21,0.22,0.24,0.68,0.67,0.67,0.04,0.03,0.04,0.08,0.08,0.07,0.11,0.1,0.08,0.13,0.14,0.14,0.07,0.06,0.08,0.12,0.08,0.12,0.16,0.16,0.17,0.23,0.21,0.23,0.11,0.12,0.1,0.16
C,1553900,          Oligoflexia,,0.0,,,,,,,,,,0.0,,,0.0,,,,,,,,,,,,,,,,,,,,,,,,0.0,,,,
O,1617890,            Arenicellales,,,,,,,0.0,,,0.0,,,0.0,0.0,0.0,0.0,,,,,,,,0.0,,0.0,0.0,,,0.0,,,,,,0.0,,,,,,,0.0
C,1643678,          Nitrososphaeria,0.05,0.07,0.07,0.11,0.18,0.13,0.15,0.12,0.08,0.14,0.14,0.14,0.11,0.12,0.13,0.01,0.01,0.01,0.03,0.04,0.02,0.04,0.03,0.02,0.04,0.05,0.03,0.01,0.01,0.02,0.04,0.01,0.03,0.03,0.04,0.02,0.04,0.04,0.04,0.03,0.05,0.02,0.04
O,1643682,            Geodermatophilales,0.03,0.06,0.04,0.04,0.05,0.05,0.08,0.05,0.02,0.04,0.06,0.06,0.11,0.11,0.12,0.01,0.0,0.01,0.02,0.01,0.01,0.02,0.01,0.01,0.02,0.02,0.02,0.04,0.04,0.05,0.03,0.01,0.02,0.03,0.02,0.03,0.04,0.04,0.04,0.02,0.03,0.01,0.05
O,1643683,            Acidothermales,,,,,,,,,,,,0.0,,,,,,,,,,0.0,,,,,,0.0,,,,,,,,,,,0.0,,,,
O,1643684,            Nakamurellales,0.0,0.0,0.0,0.0,0.0,0.0,0.0,0.0,0.0,0.0,0.0,0.0,0.0,0.01,0.0,0.0,0.0,0.0,0.0,0.0,0.0,0.0,0.0,0.0,0.0,0.0,0.0,0.0,0.0,0.0,0.0,0.0,0.0,0.0,0.0,0.0,0.0,0.0,0.0,0.0,0.0,0.0,0.0
O,1643686,            Brachyspirales,,,,,,,,,,,,,,,,,0.0,,,,,,,,,,,,,,,,,,,,,,,,,,
O,1643688,            Leptospirales,0.0,0.01,0.0,0.01,0.01,0.01,0.02,0.01,0.01,0.02,0.03,0.01,0.04,0.04,0.04,0.0,0.0,0.0,0.0,0.01,0.0,0.0,0.0,0.0,0.0,0.01,0.01,0.0,0.0,0.0,0.0,0.0,0.0,0.0,0.0,0.0,0.01,0.01,0.0,0.0,0.0,0.0,0.01
O,1643822,            Eggerthellales,0.0,0.0,0.0,0.01,0.0,0.01,0.0,0.03,0.0,0.01,0.0,0.01,0.02,0.01,0.01,0.0,0.0,0.0,0.0,0.0,0.0,0.0,0.0,0.0,0.0,0.01,0.0,0.0,0.0,0.0,0.0,0.0,0.0,0.0,0.0,0.0,0.0,0.0,0.0,0.0,0.01,0.0,0.0
O,1643946,            Kosmotogales,,,,,0.0,,,,,,,,,,,,,,,,,,,,,,,,,,,,,,,,,,,,,,
C,1663419,          Fimbriimonadia,0.0,0.0,0.0,0.0,0.0,0.0,0.0,0.0,0.0,0.0,0.0,0.0,0.0,0.0,0.0,0.0,0.0,0.0,0.0,0.0,0.0,0.0,0.0,0.0,0.0,0.0,0.0,0.0,0.0,0.0,0.0,0.0,0.0,0.0,0.0,0.0,0.0,0.0,0.0,0.0,0.0,0.0,0.0
O,1663425,            Fimbriimonadales,0.0,0.0,0.0,0.0,0.0,0.0,0.0,0.0,0.0,0.0,0.0,0.0,0.0,0.0,0.0,0.0,0.0,0.0,0.0,0.0,0.0,0.0,0.0,0.0,0.0,0.0,0.0,0.0,0.0,0.0,0.0,0.0,0.0,0.0,0.0,0.0,0.0,0.0,0.0,0.0,0.0,0.0,0.0
C,1676648,          Limnochordia,0.0,0.0,0.0,0.0,0.0,0.0,0.0,0.0,0.0,0.0,0.0,0.0,0.0,0.0,0.0,,0.0,0.0,0.0,,,0.0,,0.0,0.0,0.0,0.0,0.0,0.0,0.0,0.0,0.0,0.0,0.0,0.0,0.0,0.0,0.0,0.0,0.0,0.0,,0.0
O,1676649,            Limnochordales,0.0,0.0,0.0,0.0,0.0,0.0,0.0,0.0,0.0,0.0,0.0,0.0,0.0,0.0,0.0,,0.0,0.0,0.0,,,0.0,,0.0,0.0,0.0,0.0,0.0,0.0,0.0,0.0,0.0,0.0,0.0,0.0,0.0,0.0,0.0,0.0,0.0,0.0,,0.0
O,1692040,            Acidiferrobacterales,0.15,0.3,0.26,0.54,0.72,0.7,1.02,0.69,0.36,0.67,0.9,0.88,2.04,2.01,2.12,0.06,0.03,0.06,0.25,0.2,0.07,0.21,0.16,0.08,0.26,0.3,0.22,0.19,0.21,0.31,0.49,0.18,0.36,0.4,0.42,0.41,0.66,0.62,0.71,0.16,0.31,0.15,0.63
O,1706369,            Cellvibrionales,0.0,0.0,0.01,0.02,0.01,0.01,0.02,0.02,0.01,0.01,0.01,0.01,0.02,0.01,0.01,0.01,0.01,0.01,0.01,0.02,0.01,0.01,0.02,0.02,0.01,0.01,0.01,0.0,0.0,0.0,0.03,0.02,0.03,0.02,0.03,0.02,0.03,0.02,0.02,0.01,0.01,0.02,0.02
C,1737404,          Tissierellia,0.0,0.0,,0.0,,0.0,,,,0.0,,,,0.0,,0.0,0.0,0.0,0.0,0.0,0.0,0.0,0.0,0.0,0.0,,0.0,0.0,0.0,0.0,0.0,0.0,0.0,0.0,0.0,0.0,0.0,0.0,,0.0,0.0,0.0,
O,1737405,            Tissierellales,0.0,0.0,,0.0,,0.0,,,,0.0,,,,0.0,,0.0,0.0,0.0,0.0,0.0,0.0,0.0,0.0,0.0,0.0,,0.0,0.0,0.0,0.0,0.0,0.0,0.0,0.0,0.0,0.0,0.0,0.0,,0.0,0.0,0.0,
O,1747768,            Egibacterales,,0.0,0.0,,0.0,0.0,0.0,0.0,0.0,0.0,0.0,,0.0,0.0,0.0,,0.0,,0.0,0.0,0.0,,0.0,,0.0,0.0,0.0,0.0,0.0,0.0,0.0,0.0,0.0,0.0,0.0,0.0,0.0,0.0,0.0,,,0.0,0.0
P,1752724,              Minisyncoccota,,,,,,,,,,,,,,0.0,,,,,,,,,,,,,,,,,,,,,,,,,,,,,
O,1755823,            Egicoccales,0.0,0.0,0.0,0.0,0.0,0.0,0.0,0.0,0.0,0.0,0.0,0.0,0.0,0.0,0.0,,,,0.0,0.0,0.0,0.0,0.0,0.0,0.0,0.0,0.0,,,0.0,0.0,0.0,0.0,0.0,,,0.0,0.0,0.0,0.0,0.0,0.0,0.0
O,1769716,            Mesoaciditogales,,,,,,,,,,,,,,,0.0,,,,,,,,,,,,,,,,,,,,,,,,,,,,
O,1771349,              Tepidisphaerales,0.0,0.0,0.0,0.0,0.0,0.0,0.0,0.0,0.0,0.0,0.0,0.0,0.0,0.01,0.01,0.0,0.0,0.0,0.0,0.0,0.0,0.0,0.0,0.0,0.0,0.0,0.0,0.0,0.0,0.0,0.0,0.0,0.0,0.0,0.0,0.0,0.0,0.0,0.0,0.0,0.0,0.0,0.0
O,1775403,            Nevskiales,0.01,0.01,0.01,0.01,0.01,0.01,0.03,0.06,0.08,0.02,0.02,0.02,0.02,0.02,0.02,0.0,0.0,0.0,0.0,0.01,0.01,0.03,0.08,0.12,0.01,0.01,0.01,0.0,0.0,0.0,0.01,0.0,0.01,0.01,0.01,0.0,0.01,0.01,0.01,0.01,0.01,0.01,0.01
O,1779134,          Bradymonadales,0.0,0.0,0.0,0.0,0.0,0.0,0.0,0.0,0.0,0.0,0.0,0.0,0.0,0.0,0.0,,,0.0,0.0,0.0,,0.0,0.0,0.0,0.0,0.0,0.0,0.0,0.0,0.0,0.0,,0.0,0.0,0.0,0.0,0.0,0.0,0.0,0.0,0.0,0.0,0.0
R4,1783234,        Bacteria candidate phyla,,,,0.0,0.0,0.0,0.0,,,,0.0,,0.0,0.0,0.0,0.0,,,,,0.0,0.0,,,0.0,0.0,0.0,0.0,0.0,0.0,0.0,,,,0.0,,0.0,0.0,0.0,,,0.0,0.0
K1,1783257,        PVC group,0.24,0.32,0.31,0.22,0.27,0.27,0.3,0.26,0.22,0.33,0.35,0.34,0.69,0.69,0.67,0.13,0.13,0.14,0.18,0.2,0.16,0.17,0.17,0.14,0.22,0.24,0.2,0.13,0.12,0.16,0.23,0.21,0.25,0.22,0.24,0.23,0.27,0.27,0.28,0.19,0.19,0.2,0.22
K1,1783270,        FCB group,1.7,1.96,2.26,2.6,2.9,2.77,1.59,1.71,2.37,2.63,2.31,2.36,3.31,3.11,2.9,1.4,1.85,1.73,2.62,3.02,3.36,1.57,1.56,1.92,1.57,1.61,1.86,10.56,12.31,10.93,7.12,5.87,4.29,3.07,2.95,2.35,2.03,2.05,1.94,1.53,1.44,4.78,4.05
K,1783272,      Bacillati,8.43,9.86,10.44,6.5,5.85,5.84,7.65,6.5,4.96,7.42,7.59,7.91,15.65,15.11,14.29,8.6,7.03,8.57,5.24,4.26,3.19,3.87,3.52,2.93,4.33,4.4,4.03,17.07,15.92,15.88,6.46,4.34,4.77,5.1,4.81,5.07,5.66,5.54,5.59,4.57,4.94,5.89,6.7
R5,1783273,          Patescibacteria group,,,,,,,,,,,,,,0.0,,,,,,,,,,,,,,,,,,,,,,,,,,,,,
K,1783275,      Thermoproteati,0.05,0.07,0.07,0.11,0.18,0.13,0.15,0.12,0.08,0.14,0.14,0.14,0.11,0.12,0.13,0.01,0.01,0.01,0.03,0.04,0.02,0.04,0.03,0.02,0.04,0.05,0.03,0.01,0.01,0.02,0.04,0.01,0.03,0.03,0.04,0.02,0.04,0.04,0.04,0.03,0.05,0.02,0.04
O,1783344,            Endomicrobiales,,,,,,,,0.0,,,,,,,,,,,,,,,,,,,,,,,,,,0.0,,0.0,,,,,,,
R6,1794810,            Microgenomates group,,,,,,,,,,,,,,0.0,,,,,,,,,,,,,,,,,,,,,,,,,,,,,
K1,1798711,        Cyanobacteriota/Melainabacteria group,0.09,0.08,0.12,0.15,0.2,0.2,0.16,0.19,0.21,0.31,0.28,0.28,0.64,0.67,0.67,0.06,0.06,0.06,0.13,0.14,0.14,0.14,0.14,0.14,0.19,0.19,0.18,0.06,0.06,0.08,0.12,0.11,0.14,0.15,0.16,0.15,0.19,0.19,0.2,0.13,0.13,0.12,0.14
K1,1802340,        Nitrospinota/Tectimicrobiota group,,,,,0.0,,,,,0.0,0.0,,,0.0,,,,,,,,,,0.0,,,,0.0,,,,,,0.0,,,0.0,,,,,,
C,1804991,            Longimicrobiia,0.0,0.0,0.0,0.0,0.0,0.0,0.0,0.0,0.0,0.0,0.0,0.0,0.0,0.0,0.0,0.0,0.0,0.0,0.0,0.0,0.0,0.0,0.0,0.0,0.0,0.0,0.0,0.0,0.0,0.0,0.0,0.0,0.0,0.0,0.0,0.0,0.0,0.0,0.0,0.0,0.0,0.0,0.0
C,1807140,          Acidithiobacillia,0.0,0.0,0.0,0.01,0.0,0.01,0.01,0.0,0.0,0.01,0.01,0.01,0.02,0.02,0.02,0.0,0.0,0.0,0.0,0.0,0.0,0.0,0.0,0.0,0.0,0.0,0.0,0.0,0.0,0.0,0.0,0.0,0.0,0.0,0.0,0.0,0.01,0.0,0.01,0.0,0.0,0.0,0.0
C,1813735,          Vicinamibacteria,0.24,0.25,0.27,0.23,0.23,0.23,0.29,0.26,0.24,0.37,0.37,0.37,0.29,0.29,0.28,0.15,0.18,0.2,0.16,0.22,0.19,0.2,0.21,0.19,0.25,0.25,0.26,0.05,0.04,0.06,0.12,0.09,0.11,0.14,0.13,0.15,0.19,0.19,0.19,0.27,0.27,0.11,0.16
O,1843489,            Veillonellales,,0.0,,,0.0,0.0,,0.0,,,0.0,,0.0,0.0,0.0,,,,,,0.0,,,0.0,,0.0,,,,,0.0,,0.0,,,0.0,0.0,,,,,,0.0
P,1853220,            Rhodothermota,0.05,0.05,0.03,0.0,0.01,0.01,0.01,0.01,0.01,0.01,0.01,0.01,0.0,0.0,0.01,0.01,0.01,0.0,0.0,0.0,0.0,0.0,0.0,0.0,0.01,0.01,0.01,0.0,0.0,0.0,0.0,0.0,0.0,0.0,0.0,0.0,0.0,0.0,0.0,0.0,0.0,0.0,0.0
C,1853221,              Balneolia,,,,0.0,0.0,,,,0.0,0.0,0.0,0.0,,0.0,0.0,,,,0.0,0.0,,0.0,0.0,,,,0.0,,,,,0.0,0.0,,,,,0.0,0.0,0.0,0.0,,
C,1853222,              Rhodothermia,0.05,0.05,0.03,0.0,0.01,0.01,0.01,0.01,0.01,0.01,0.01,0.01,0.0,0.0,0.01,0.01,0.01,0.0,0.0,0.0,0.0,0.0,0.0,0.0,0.01,0.01,0.01,0.0,0.0,0.0,0.0,0.0,0.0,0.0,0.0,0.0,0.0,0.0,0.0,0.0,0.0,0.0,0.0
O,1853223,                Balneolales,,,,0.0,0.0,,,,0.0,0.0,0.0,0.0,,0.0,0.0,,,,0.0,0.0,,0.0,0.0,,,,0.0,,,,,0.0,0.0,,,,,0.0,0.0,0.0,0.0,,
O,1853224,                Rhodothermales,0.05,0.05,0.03,0.0,0.01,0.01,0.01,0.01,0.01,0.01,0.01,0.01,0.0,0.0,0.01,0.01,0.01,0.0,0.0,0.0,0.0,0.0,0.0,0.0,0.01,0.01,0.01,0.0,0.0,0.0,0.0,0.0,0.0,0.0,0.0,0.0,0.0,0.0,0.0,0.0,0.0,0.0,0.0
C,1853228,              Chitinophagia,0.15,0.17,0.21,0.65,0.63,0.61,0.37,0.42,0.46,0.53,0.46,0.5,0.13,0.14,0.13,0.12,0.15,0.14,0.69,0.99,1.1,0.5,0.5,0.55,0.57,0.51,0.46,0.05,0.07,0.07,0.45,0.63,0.65,0.49,0.57,0.54,0.52,0.51,0.52,0.42,0.37,0.41,0.31
O,1853229,                Chitinophagales,0.15,0.17,0.21,0.65,0.63,0.61,0.37,0.42,0.46,0.53,0.46,0.5,0.13,0.14,0.13,0.12,0.15,0.14,0.69,0.99,1.1,0.5,0.5,0.55,0.57,0.51,0.46,0.05,0.07,0.07,0.45,0.63,0.65,0.49,0.57,0.54,0.52,0.51,0.52,0.42,0.37,0.41,0.31
O,1890424,              Synechococcales,0.05,0.05,0.07,0.06,0.08,0.08,0.07,0.09,0.1,0.16,0.13,0.13,0.4,0.41,0.41,0.04,0.04,0.04,0.07,0.07,0.07,0.08,0.08,0.08,0.11,0.11,0.11,0.04,0.03,0.05,0.07,0.06,0.08,0.09,0.09,0.09,0.11,0.11,0.11,0.08,0.08,0.07,0.08
O,1890505,              Chroococcidiopsidales,0.0,0.0,0.0,0.0,0.0,0.0,0.0,0.0,0.0,0.0,0.0,0.0,0.0,0.0,0.0,0.0,0.0,0.0,0.0,0.0,0.0,0.0,0.0,0.0,0.0,0.0,0.0,0.0,0.0,0.0,0.0,0.0,0.0,,0.0,0.0,0.0,0.0,0.0,0.0,0.0,0.0,0.0
O,1921002,            Holosporales,,,,,,,,,0.0,,,,,,,,,0.0,,0.0,,,,,,,0.0,,,,,0.0,,,,,,0.0,,,,0.0,
C,1921781,            Kiritimatiellia,,0.01,,0.01,,0.01,0.02,0.02,,0.02,,,0.05,0.06,0.05,,,,,,0.01,0.01,0.01,,,,0.01,0.01,0.01,0.0,0.01,0.01,0.01,,0.01,0.01,0.02,0.02,0.02,0.01,,0.01,0.01
O,1921782,              Kiritimatiellales,,0.01,,0.01,,0.01,0.02,0.02,,0.02,,,0.05,0.06,0.05,,,,,,0.01,0.01,0.01,,,,0.01,0.01,0.01,0.0,0.01,0.01,0.01,,0.01,0.01,0.02,0.02,0.02,0.01,,0.01,0.01
P,1930617,        Calditrichota,0.0,0.0,,0.0,0.0,,0.0,,,0.0,0.0,,0.0,0.0,0.0,,0.0,,0.0,0.0,,0.0,,,,0.0,,,,,0.0,,,0.0,0.0,0.0,0.0,0.0,0.0,0.0,0.0,,0.0
O,1934945,            Immundisolibacterales,0.01,0.02,0.01,0.06,0.09,0.08,0.13,0.09,0.05,0.12,0.17,0.14,0.59,0.52,0.62,0.0,0.0,0.0,0.04,0.03,0.01,0.04,0.03,0.03,0.04,0.04,0.03,0.01,0.01,0.01,0.08,0.04,0.07,0.05,0.07,0.05,0.09,0.08,0.1,0.02,0.04,0.05,0.09
K,1935183,      Promethearchaeati,,,,,,,,,,,,,0.0,,,,,,,,,,,,,,,,,,,,,,,,,,,,,,
P,1936987,            Balneolota,,,,0.0,0.0,,,,0.0,0.0,0.0,0.0,,0.0,0.0,,,,0.0,0.0,,0.0,0.0,,,,0.0,,,,,0.0,0.0,,,,,0.0,0.0,0.0,0.0,,
O,1936988,                Saprospirales,0.01,0.0,0.0,0.01,0.01,0.01,0.01,0.01,0.02,0.03,0.03,0.03,0.01,0.01,0.01,0.0,0.0,0.0,0.01,0.01,0.01,0.01,0.01,0.01,0.01,0.01,0.01,0.0,0.0,0.0,0.0,0.0,0.0,0.0,0.0,0.0,0.01,0.0,0.01,0.01,0.01,0.0,0.0
C,1937959,              Saprospiria,0.01,0.0,0.0,0.01,0.01,0.01,0.01,0.01,0.02,0.03,0.03,0.03,0.01,0.01,0.01,0.0,0.0,0.0,0.01,0.01,0.01,0.01,0.01,0.01,0.01,0.01,0.01,0.0,0.0,0.0,0.0,0.0,0.0,0.0,0.0,0.0,0.01,0.0,0.01,0.01,0.01,0.0,0.0
O,1955042,              Gloeomargaritales,,,,,,,,,,,,,0.0,,,,,,,,,0.0,0.0,,,,,,,,0.0,,,,,,0.0,,0.0,,,0.0,0.0
C,1955630,            Methylacidiphilae,,,,,,,0.0,,,0.0,,,0.0,0.0,,,,,,,,,,,0.0,,,,,,,,0.0,,,0.0,,,,,,,
C,1962850,          Calditrichia,0.0,0.0,,0.0,0.0,,0.0,,,0.0,0.0,,0.0,0.0,0.0,,0.0,,0.0,0.0,,0.0,,,,0.0,,,,,0.0,,,0.0,0.0,0.0,0.0,0.0,0.0,0.0,0.0,,0.0
O,1962852,            Calditrichales,0.0,0.0,,0.0,0.0,,0.0,,,0.0,0.0,,0.0,0.0,0.0,,0.0,,0.0,0.0,,0.0,,,,0.0,,,,,0.0,,,0.0,0.0,0.0,0.0,0.0,0.0,0.0,0.0,,0.0
O,1963360,              Parachlamydiales,0.0,0.0,0.0,0.0,0.0,0.0,0.0,0.0,0.0,0.0,0.0,0.0,0.0,0.0,0.0,0.0,0.0,0.0,0.0,0.0,0.0,0.0,0.0,0.0,0.0,0.0,0.0,0.0,0.0,0.0,0.0,0.0,0.0,0.0,0.0,0.0,0.0,0.0,0.0,0.0,0.0,0.0,0.0
O,1970189,                Marinilabiliales,0.01,0.0,0.0,0.0,0.0,0.0,0.0,0.0,0.0,0.0,0.0,0.0,0.0,0.0,0.0,0.0,0.0,0.0,0.0,0.01,0.0,0.0,0.0,0.0,0.0,0.0,0.0,0.0,0.0,0.0,0.0,0.0,0.0,0.0,0.0,0.0,0.0,0.0,0.0,0.0,0.0,0.0,0.0
O,1978007,              Crassvirales,0.0,,,,0.0,,0.0,,,,,,,0.0,0.0,,0.0,,,,,,,,,,,,,,,,,,,,,,,,,,0.0
C,2008785,          Hydrogenophilia,,0.0,,,0.0,,,,0.0,,0.0,0.0,0.0,,,,0.0,,,,,,,,,,,,,0.0,,,,,,,0.0,0.0,,,0.0,0.0,
O,2024973,            Silvanigrellales,,0.0,,,,,,,,,,0.0,,,0.0,,,,,,,,,,,,,,,,,,,,,,,,0.0,,,,
O,2024979,            Bacteriovoracales,0.0,0.0,0.0,0.0,0.0,0.0,0.0,0.0,0.0,0.0,0.0,0.0,0.0,0.0,0.0,0.0,0.0,0.0,0.0,0.0,0.0,0.0,0.0,0.0,0.0,0.0,0.0,0.0,0.0,0.0,0.0,0.0,0.0,0.0,0.0,0.0,0.0,,0.0,0.0,0.0,0.0,0.0
O,2039638,            Candidatus Nanopelagicales,,0.0,0.0,0.0,0.0,0.0,0.0,0.0,0.0,0.0,0.0,0.0,0.14,0.2,0.16,0.0,0.0,0.0,0.0,0.0,0.0,0.0,0.0,0.0,0.0,0.0,0.0,0.0,0.0,0.0,0.01,0.01,0.01,0.01,0.01,0.01,0.01,0.01,0.01,0.0,0.0,0.01,0.01
O,2066490,            Emcibacterales,0.0,0.0,0.0,0.0,0.0,0.0,0.0,0.0,0.0,,0.0,0.0,,0.0,,0.0,0.0,0.0,0.0,0.0,0.0,0.0,0.0,0.0,0.0,0.0,0.0,0.0,0.0,0.0,0.0,0.0,0.0,0.0,0.0,0.0,0.0,0.0,0.0,0.0,0.0,0.0,
C,2093818,            Candidatus Saccharimonadia,,,,0.0,,,,,,,,,0.0,0.0,0.0,,,,,,,,,,0.0,,,0.0,0.0,0.0,0.0,,,,,,0.0,,0.0,,,,0.0
O,2093819,              Candidatus Nanosynbacterales,,,,0.0,,,,,,,,,,,,,,,,,,,,,,,,,,,,,,,,,,,0.0,,,,
O,2093825,              Candidatus Saccharimonadales,,,,,,,,,,,,,0.0,0.0,0.0,,,,,,,,,,0.0,,,0.0,0.0,0.0,0.0,,,,,,0.0,,,,,,0.0
P,2138240,        Coprothermobacterota,,,,,,,,,,,,,,,,,,,,,,,,0.0,,,,,,,,,,,,,,,,,,,
C,2138243,          Coprothermobacteria,,,,,,,,,,,,,,,,,,,,,,,,0.0,,,,,,,,,,,,,,,,,,,
O,2138246,            Coprothermobacterales,,,,,,,,,,,,,,,,,,,,,,,,0.0,,,,,,,,,,,,,,,,,,,
O,2169561,            Ortervirales,,,,,,,,0.0,0.0,0.0,0.0,0.0,0.0,0.0,0.0,0.0,0.0,0.0,,0.0,0.0,0.0,0.0,0.0,0.0,0.0,0.0,0.0,0.0,0.0,0.0,0.0,0.0,0.0,0.0,0.0,0.0,0.0,0.0,0.0,0.0,0.0,0.0
P1,2283794,          Methanomada group,0.0,0.0,0.0,0.0,0.0,0.0,0.0,,0.0,0.0,0.0,0.0,0.0,0.0,0.0,0.0,0.0,0.0,0.0,0.0,0.0,0.0,0.0,0.0,0.0,0.0,0.0,0.0,0.0,0.0,0.0,0.0,0.0,0.0,0.0,0.0,0.0,0.0,0.0,0.0,0.0,0.0,0.0
P,2283796,        Thermoplasmatota,,,,,,,,,,,,,0.0,0.0,0.0,,,,,,,,,,0.0,,,0.0,0.0,,,,0.0,0.0,,,0.0,,,0.0,,,0.0
P1,2290931,          Stenosarchaea group,0.0,0.0,0.0,0.0,0.0,0.0,0.0,0.0,0.0,0.0,0.0,0.0,0.01,0.01,0.01,0.0,0.0,0.0,0.0,0.0,0.0,0.0,0.0,0.0,0.0,0.0,0.0,0.0,0.0,0.0,0.0,0.0,0.0,0.0,0.0,0.0,0.0,0.0,0.0,0.0,0.0,0.0,0.0
C,2364196,          Candidatus Thermofontia,0.0,0.0,0.0,0.0,0.0,0.0,0.0,0.0,0.0,0.0,0.0,0.0,0.0,0.0,0.0,0.0,0.0,0.0,0.0,0.0,,0.0,0.0,,0.0,0.0,0.0,0.0,0.0,0.0,0.0,0.0,0.0,0.0,0.0,0.0,0.0,0.0,0.0,0.0,0.0,0.0,0.0
O,2364208,            Phototrophicales,0.0,0.0,0.0,0.0,0.0,0.0,0.0,0.0,0.0,0.0,0.0,0.0,0.0,0.0,0.0,0.0,0.0,0.0,0.0,0.0,,0.0,0.0,,0.0,0.0,0.0,0.0,0.0,0.0,0.0,0.0,0.0,0.0,0.0,0.0,0.0,0.0,0.0,0.0,0.0,0.0,0.0
O,2483366,              Sedimentisphaerales,,0.0,0.0,,0.0,0.0,0.0,0.0,0.0,0.0,0.0,0.0,0.0,0.0,0.01,,,,0.0,0.0,0.0,,,0.0,0.0,0.0,0.0,0.0,,0.0,,0.0,0.0,0.0,0.0,0.0,0.0,,0.0,,0.0,0.0,0.0
O,2493627,            Minwuiales,0.0,0.0,0.0,0.0,0.0,0.0,0.0,0.0,0.0,0.0,0.0,0.0,0.0,0.0,0.0,0.0,0.0,0.0,0.0,0.0,0.0,0.0,0.0,0.0,0.0,0.0,0.0,0.0,0.0,0.0,0.0,0.0,0.0,0.0,0.0,0.0,0.0,0.0,0.0,0.0,0.0,0.0,0.0
O,2494207,            Capsulimonadales,0.0,,,0.0,,0.0,0.0,0.0,,0.0,0.0,,0.0,0.0,0.0,,,,0.0,0.0,0.0,0.0,0.0,,0.0,,0.0,,,0.0,0.0,,,0.0,0.0,,,0.0,0.0,,,,0.0
O,2495578,            Sporichthyales,,,,,,0.0,,0.0,,0.0,,,0.01,0.0,0.01,,0.0,,,,,,0.0,,,0.0,,0.0,,0.0,,,,0.0,0.0,0.0,,,0.0,,,0.0,0.0
C,2497643,            Candidatus Babeliae,,,,,0.0,,,,,,,,,,,0.0,,,,,,,,,,,0.0,,,0.0,,,,,,,,0.0,,,,,0.0
O,2497644,              Candidatus Babeliales,,,,,0.0,,,,,,,,,,,0.0,,,,,,,,,,,0.0,,,0.0,,,,,,,,0.0,,,,,0.0
C,2517206,            Candidatus Brocadiia,0.0,0.0,0.0,0.0,0.0,0.0,0.0,0.0,0.0,0.0,0.0,0.0,0.0,0.0,0.0,0.0,0.0,0.0,0.0,0.0,0.0,0.0,0.0,0.0,0.0,0.0,0.0,0.0,0.0,0.0,0.0,0.0,0.0,0.0,0.0,0.0,0.0,0.0,0.0,0.0,0.0,0.0,0.0
R2,2559587,    Riboviria,,,,,,,,0.0,0.0,0.0,0.0,0.0,0.0,0.0,0.0,0.0,0.0,0.0,,0.0,0.0,0.0,0.0,0.0,0.0,0.0,0.0,0.0,0.0,0.0,0.0,0.0,0.0,0.0,0.0,0.0,0.0,0.0,0.0,0.0,0.0,0.0,0.0
O,2599632,            Vulcanimicrobiales,0.0,0.0,0.0,0.0,,0.0,0.0,,0.0,0.0,0.0,0.0,0.0,0.0,0.0,0.0,,,0.0,0.0,0.0,0.0,0.0,0.0,,0.0,0.0,,0.0,0.0,0.0,0.0,0.0,0.0,0.0,0.0,0.0,0.0,0.0,0.0,0.0,0.0,0.0
C,2682225,          Tepidiformia,0.0,0.0,0.0,0.0,0.0,0.0,0.0,0.0,0.0,0.0,0.0,0.0,0.0,0.0,0.0,0.0,0.0,0.0,0.0,0.0,0.0,0.0,0.0,0.0,0.0,0.0,0.0,0.0,0.0,0.0,0.0,0.0,0.0,0.0,0.0,0.0,0.0,0.0,0.0,0.0,0.0,0.0,0.0
O,2682226,            Tepidiformales,0.0,0.0,0.0,0.0,0.0,0.0,0.0,0.0,0.0,0.0,0.0,0.0,0.0,0.0,0.0,0.0,0.0,0.0,0.0,0.0,0.0,0.0,0.0,0.0,0.0,0.0,0.0,0.0,0.0,0.0,0.0,0.0,0.0,0.0,0.0,0.0,0.0,0.0,0.0,0.0,0.0,0.0,0.0
O,2691354,              Pirellulales,0.1,0.12,0.13,0.08,0.09,0.09,0.08,0.09,0.08,0.11,0.11,0.11,0.15,0.15,0.14,0.04,0.05,0.04,0.06,0.07,0.06,0.06,0.06,0.05,0.08,0.08,0.08,0.03,0.02,0.03,0.04,0.03,0.04,0.04,0.04,0.04,0.05,0.05,0.05,0.08,0.07,0.04,0.04
O,2691355,              Gemmatales,0.06,0.09,0.08,0.04,0.05,0.04,0.07,0.06,0.05,0.07,0.09,0.09,0.2,0.19,0.2,0.04,0.04,0.04,0.03,0.03,0.03,0.03,0.03,0.03,0.05,0.05,0.04,0.04,0.04,0.05,0.05,0.05,0.06,0.06,0.06,0.05,0.07,0.07,0.08,0.03,0.04,0.05,0.06
O,2691356,              Isosphaerales,0.02,0.03,0.03,0.02,0.03,0.04,0.04,0.03,0.02,0.04,0.05,0.04,0.09,0.05,0.04,0.01,0.01,0.01,0.02,0.02,0.01,0.02,0.02,0.01,0.02,0.02,0.02,0.01,0.01,0.02,0.02,0.02,0.02,0.02,0.02,0.02,0.03,0.03,0.03,0.02,0.02,0.01,0.03
R5,2696291,          Ochrophyta,0.0,0.0,0.0,0.0,0.0,0.0,0.0,0.0,0.0,0.0,0.0,0.0,0.0,0.0,0.0,0.0,0.0,0.0,0.0,0.0,0.0,0.0,0.0,0.0,0.0,0.0,0.0,0.0,0.0,0.0,0.0,0.0,0.0,0.0,0.0,0.0,0.0,0.0,0.0,0.0,0.0,0.0,0.0
R3,2698737,      Sar,0.0,0.0,0.0,0.0,0.0,0.0,0.0,0.0,0.0,0.0,0.0,0.0,0.0,0.0,0.0,0.0,0.0,0.0,0.0,0.0,0.0,0.0,0.0,0.0,0.0,0.0,0.0,0.0,0.0,0.0,0.0,0.0,0.0,0.0,0.0,0.0,0.0,0.0,0.0,0.0,0.0,0.0,0.0
R2,2731341,    Duplodnaviria,0.0,,,0.0,0.0,,0.0,,,,,,0.0,0.0,0.0,,0.0,,,,,,,,,,0.0,,,,,,,,,,0.0,,0.0,0.0,,,0.0
R2,2731342,    Monodnaviria,,,,,,,,,0.0,0.0,,,0.0,,,0.0,0.0,,0.0,0.0,0.0,,0.0,0.0,0.0,0.0,,0.0,0.0,0.0,0.0,,0.0,0.0,0.0,0.0,,,,0.0,0.0,0.0,0.0
K,2731360,      Heunggongvirae,0.0,,,0.0,0.0,,0.0,,,,,,0.0,0.0,0.0,,0.0,,,,,,,,,,0.0,,,,,,,,,,0.0,,0.0,0.0,,,0.0
P,2731361,        Peploviricota,,,,0.0,,,0.0,,,,,,0.0,0.0,0.0,,,,,,,,,,,,0.0,,,,,,,,,,0.0,,0.0,0.0,,,0.0
C,2731363,          Herviviricetes,,,,0.0,,,0.0,,,,,,0.0,0.0,0.0,,,,,,,,,,,,0.0,,,,,,,,,,0.0,,0.0,0.0,,,0.0
P,2731618,        Uroviricota,0.0,,,,0.0,,0.0,,,,,,,0.0,0.0,,0.0,,,,,,,,,,,,,,,,,,,,,,,,,,0.0
C,2731619,            Caudoviricetes,0.0,,,,0.0,,0.0,,,,,,,0.0,0.0,,0.0,,,,,,,,,,,,,,,,,,,,,,,,,,0.0
R2,2732004,    Varidnaviria,,,,0.0,0.0,,,,0.0,,,,0.0,,0.0,0.0,,,,,,0.0,0.0,0.0,,,0.0,,,0.0,0.0,0.0,0.0,,0.0,,0.0,,,0.0,,,
K,2732005,      Bamfordvirae,,,,0.0,0.0,,,,0.0,,,,0.0,,0.0,0.0,,,,,,0.0,0.0,0.0,,,0.0,,,0.0,0.0,0.0,0.0,,0.0,,0.0,,,0.0,,,
P,2732007,        Nucleocytoviricota,,,,0.0,0.0,,,,0.0,,,,0.0,,0.0,0.0,,,,,,0.0,0.0,0.0,,,0.0,,,0.0,0.0,0.0,0.0,,0.0,,0.0,,,0.0,,,
K,2732092,      Shotokuvirae,,,,,,,,,0.0,0.0,,,0.0,,,0.0,0.0,,0.0,0.0,0.0,,0.0,0.0,0.0,0.0,,0.0,0.0,0.0,0.0,,0.0,0.0,0.0,0.0,,,,0.0,0.0,0.0,0.0
K,2732397,      Pararnavirae,,,,,,,,0.0,0.0,0.0,0.0,0.0,0.0,0.0,0.0,0.0,0.0,0.0,,0.0,0.0,0.0,0.0,0.0,0.0,0.0,0.0,0.0,0.0,0.0,0.0,0.0,0.0,0.0,0.0,0.0,0.0,0.0,0.0,0.0,0.0,0.0,0.0
P,2732409,        Artverviricota,,,,,,,,0.0,0.0,0.0,0.0,0.0,0.0,0.0,0.0,0.0,0.0,0.0,,0.0,0.0,0.0,0.0,0.0,0.0,0.0,0.0,0.0,0.0,0.0,0.0,0.0,0.0,0.0,0.0,0.0,0.0,0.0,0.0,0.0,0.0,0.0,0.0
P,2732415,        Cossaviricota,,,,,,,,,0.0,0.0,,,0.0,,,0.0,0.0,,0.0,0.0,0.0,,0.0,0.0,0.0,0.0,,0.0,0.0,0.0,0.0,,0.0,0.0,0.0,0.0,,,,0.0,0.0,0.0,0.0
C,2732421,          Papovaviricetes,,,,,,,,,0.0,0.0,,,0.0,,,0.0,0.0,,0.0,0.0,0.0,,0.0,0.0,0.0,0.0,,0.0,0.0,0.0,0.0,,0.0,0.0,0.0,0.0,,,,0.0,0.0,0.0,0.0
C,2732514,          Revtraviricetes,,,,,,,,0.0,0.0,0.0,0.0,0.0,0.0,0.0,0.0,0.0,0.0,0.0,,0.0,0.0,0.0,0.0,0.0,0.0,0.0,0.0,0.0,0.0,0.0,0.0,0.0,0.0,0.0,0.0,0.0,0.0,0.0,0.0,0.0,0.0,0.0,0.0
C,2732523,          Megaviricetes,,,,0.0,0.0,,,,0.0,,,,0.0,,0.0,0.0,,,,,,0.0,0.0,,,,0.0,,,0.0,0.0,0.0,0.0,,0.0,,0.0,,,0.0,,,
C,2732525,          Pokkesviricetes,,,,,,,,,,,,,,,,,,,,,,,,0.0,,,,,,,,,,,,,,,,,,,
O,2732527,            Chitovirales,,,,,,,,,,,,,,,,,,,,,,,,0.0,,,,,,,,,,,,,,,,,,,
O,2732532,            Sepolyvirales,,,,,,,,,0.0,0.0,,,0.0,,,0.0,0.0,,0.0,0.0,0.0,,0.0,0.0,0.0,0.0,,0.0,0.0,0.0,0.0,,0.0,0.0,0.0,0.0,,,,0.0,0.0,0.0,0.0
O,2732554,            Imitervirales,,,,0.0,0.0,,,,0.0,,,,0.0,,0.0,0.0,,,,,,0.0,0.0,,,,0.0,,,0.0,0.0,,0.0,,0.0,,0.0,,,0.0,,,
O,2732555,            Pimascovirales,,,,,,,,,,,,,0.0,,,,,,,,,,,,,,,,,,0.0,0.0,,,,,,,,,,,
O,2762275,            Trueperales,0.0,0.0,0.0,0.0,0.0,0.0,0.0,0.0,0.0,0.0,0.0,0.0,0.0,0.0,0.0,0.0,0.0,0.0,0.0,0.0,0.0,0.0,0.0,0.0,0.0,0.0,0.0,0.0,0.0,0.0,0.0,0.0,0.0,0.0,0.0,0.0,0.0,0.0,0.0,0.0,0.0,0.0,0.0
O,2770089,            Thermosediminibacterales,,,,,,,,,,,,,,,,,,,,,,0.0,,,,,,,,,,,,,,,,,,,,,
P1,2788786,          unclassified Uroviricota,0.0,,,,0.0,,0.0,,,,,,,0.0,0.0,,0.0,,,,,,,,,,,,,,,,,,,,,,,,,,0.0
O,2790996,          Mycoplasmoidales,,,,,0.0,,,,,0.0,,0.0,,,,0.0,,,,,0.0,,,,,0.0,,,,,,,,,,,,,,,,,
O,2800059,            Maricaulales,0.0,0.0,0.0,0.0,0.0,0.0,0.0,0.0,0.0,0.01,0.01,0.0,0.02,0.02,0.01,0.0,0.0,0.0,0.0,0.0,0.0,0.0,0.0,0.0,0.0,0.0,0.0,0.0,0.0,0.0,0.0,0.0,0.0,0.0,0.0,0.0,0.0,0.0,0.0,0.0,0.0,0.0,0.0
O,2800060,            Hyphomonadales,0.01,0.01,0.01,0.01,0.02,0.02,0.02,0.02,0.01,0.03,0.03,0.03,0.08,0.08,0.08,0.0,0.0,0.0,0.01,0.01,0.01,0.01,0.01,0.01,0.02,0.02,0.01,0.0,0.0,0.01,0.02,0.01,0.02,0.02,0.02,0.02,0.02,0.02,0.02,0.01,0.01,0.01,0.02
O,2805415,            Jatrophihabitantales,0.0,0.0,0.0,0.0,0.0,0.0,0.0,0.0,0.0,0.0,0.0,0.0,0.0,0.0,0.0,,,0.0,,0.0,,0.0,0.0,0.0,0.0,0.0,0.0,0.0,0.0,0.0,0.0,0.0,0.0,0.0,,0.0,0.0,0.0,0.0,0.0,,0.0,0.0
C,2811502,          Thermodesulfovibrionia,0.0,0.0,0.0,0.0,0.0,0.0,0.0,0.0,0.0,0.0,0.0,0.0,0.0,0.0,0.0,0.0,0.0,0.0,0.0,,0.0,0.0,,,0.0,0.0,0.0,0.0,0.0,0.0,0.0,,0.0,0.0,0.0,0.0,0.0,0.0,0.0,0.0,0.0,0.0,0.0
O,2811503,            Thermodesulfovibrionales,0.0,0.0,0.0,0.0,0.0,0.0,0.0,0.0,0.0,0.0,0.0,0.0,0.0,0.0,0.0,0.0,0.0,0.0,0.0,,0.0,0.0,,,0.0,0.0,0.0,0.0,0.0,0.0,0.0,,0.0,0.0,0.0,0.0,0.0,0.0,0.0,0.0,0.0,0.0,0.0
P,2818505,        Myxococcota,0.14,0.26,0.23,0.58,0.74,0.72,1.06,0.75,0.41,0.79,1.0,0.98,1.41,1.3,1.38,0.06,0.04,0.06,0.27,0.24,0.12,0.24,0.2,0.12,0.32,0.37,0.28,0.14,0.14,0.23,0.38,0.16,0.3,0.34,0.36,0.36,0.58,0.55,0.63,0.2,0.35,0.15,0.53
C,2829293,          Vulcanimicrobiia,0.0,0.0,0.0,0.0,,0.0,0.0,,0.0,0.0,0.0,0.0,0.0,0.0,0.0,0.0,,,0.0,0.0,0.0,0.0,0.0,0.0,,0.0,0.0,,0.0,0.0,0.0,0.0,0.0,0.0,0.0,0.0,0.0,0.0,0.0,0.0,0.0,0.0,0.0
C,2840056,      Naldaviricetes,0.0,,0.0,,,,,0.0,,,,,,0.0,0.0,,,,,0.0,,0.0,,,,,,,,,,,,,,,0.0,,,,,,
O,2840070,        Lefavirales,0.0,,0.0,,,,,0.0,,,,,,0.0,0.0,,,,,0.0,,0.0,,,,,,,,,,,,,,,0.0,,,,,,
P1,2840488,          Bacillota incertae sedis,,,,,0.0,,,,,,,,,,,,,,,,,,,,,,,,,,,,,,,,,,,,,,
O,2843198,            Miltoncostaeales,0.02,0.03,0.03,0.05,0.05,0.06,0.08,0.07,0.06,0.1,0.11,0.11,0.34,0.35,0.36,0.01,0.01,0.01,0.04,0.03,0.03,0.04,0.04,0.03,0.06,0.07,0.06,0.02,0.02,0.03,0.05,0.03,0.05,0.06,0.06,0.08,0.1,0.09,0.11,0.05,0.05,0.04,0.07
C,2847774,          Atribacteria,,,,,,,,,,,,,,,,,,,,,,,,,,,,,0.0,,,,,0.0,,,,,,,,,
O,2847775,            Atribacterales,,,,,,,,,,,,,,,,,,,,,,,,,,,,,0.0,,,,,0.0,,,,,,,,,
O,2881377,              Pseudanabaenales,0.0,0.0,0.0,0.0,0.0,0.0,0.0,0.0,0.0,0.0,0.0,0.0,0.0,0.0,0.0,,0.0,0.0,0.0,0.0,0.0,0.0,0.0,0.0,0.0,0.0,0.0,0.0,0.0,0.0,0.0,0.0,0.0,0.0,0.0,0.0,0.0,0.0,0.0,0.0,0.0,0.0,0.0
O,2887326,            Moraxellales,6.85,7.53,9.95,0.08,0.06,0.03,0.11,0.15,0.13,0.04,0.04,0.06,0.45,0.38,0.44,11.22,12.11,12.21,0.1,0.02,0.02,0.18,0.19,0.16,0.02,0.02,0.01,21.37,21.13,21.55,0.16,0.04,0.03,0.3,0.32,0.26,0.17,0.11,0.03,0.07,0.04,0.13,0.08
O,2887327,            Kangiellales,,,,,,,,,,,,,0.0,,,,0.0,,,,,0.0,,0.0,,,,,,,,,,,,,,,,,,,
O,2900568,            Candidatus Absconditabacterales,,,,,0.0,0.0,,,,,,,0.0,,,,,,,,0.0,,,,,,0.0,,,,,,,,0.0,,,,,,,,
O,2905377,              Methanotrichales,0.0,0.0,,0.0,0.0,0.0,0.0,0.0,0.0,0.0,0.0,0.0,0.0,0.0,0.0,,0.0,0.0,0.0,0.0,0.0,0.0,0.0,0.0,0.0,0.0,0.0,0.0,0.0,0.0,,0.0,0.0,0.0,0.0,0.0,0.0,0.0,0.0,0.0,0.0,0.0,0.0
C,2907184,            Tichowtungiia,,,,,,,,,,,,,0.0,0.0,,,,,0.0,,,,0.0,,,,,,,,,,,0.0,,,,,,,,,
O,2907185,              Tichowtungiales,,,,,,,,,,,,,0.0,0.0,,,,,0.0,,,,0.0,,,,,,,,,,,0.0,,,,,,,,,
O,2910145,            Vicinamibacterales,0.24,0.25,0.27,0.23,0.23,0.23,0.29,0.26,0.24,0.37,0.37,0.37,0.29,0.29,0.28,0.15,0.18,0.2,0.16,0.22,0.19,0.2,0.21,0.19,0.25,0.25,0.26,0.05,0.04,0.06,0.12,0.09,0.11,0.14,0.13,0.15,0.19,0.19,0.19,0.27,0.27,0.11,0.16
O,2914038,            Syntrophales,0.0,0.0,0.0,0.0,0.0,0.0,0.0,0.0,0.0,0.0,0.0,0.0,0.01,0.0,0.0,0.0,0.0,0.0,0.0,0.0,0.0,0.0,0.0,0.0,0.0,0.0,0.0,0.0,0.0,0.0,0.0,0.0,0.0,0.0,0.0,0.0,0.0,0.0,0.0,0.0,0.0,0.0,0.0
O,2923288,                Candidatus Sulfidibacteriales,,,,,,,,,,,,,,,,,,,,,,,,,,,,,,,,,0.0,,,,,,,,,0.0,
O,2978121,            Candidatus Rariloculales,0.0,0.0,0.0,0.0,0.0,0.0,0.0,0.0,0.0,0.0,0.0,0.0,0.0,0.0,0.0,0.0,0.0,0.0,0.0,0.0,0.0,0.0,0.0,0.0,0.0,0.0,0.0,0.0,0.0,0.0,0.0,0.0,0.0,0.0,0.0,0.0,0.0,0.0,0.0,0.0,0.0,0.0,0.0
O,2983161,            Candidatus Spongiisociales,0.0,0.0,0.0,0.0,0.0,0.0,0.0,0.0,0.0,0.0,0.0,0.0,0.0,0.0,0.0,0.0,0.0,0.0,0.0,0.0,0.0,0.0,0.0,0.0,0.0,0.0,0.0,0.0,0.0,0.0,0.0,0.0,0.0,0.0,0.0,0.0,0.0,0.0,0.0,0.0,0.0,0.0,0.0
O,2995212,              Candidatus Palauibacterales,0.0,0.0,0.0,0.0,0.0,0.0,0.0,0.0,0.0,0.0,0.0,0.0,0.0,0.0,0.0,0.0,0.0,0.0,0.0,0.0,0.0,0.0,0.0,0.0,0.0,0.0,0.0,0.0,0.0,0.0,0.0,0.0,0.0,0.0,0.0,0.0,0.0,0.0,0.0,0.0,0.0,0.0,0.0
P,3018035,        Bdellovibrionota,0.0,0.0,0.0,0.0,0.0,0.0,0.0,0.0,0.0,0.0,0.0,0.0,0.0,0.0,0.0,0.0,0.0,0.0,0.0,0.0,0.0,0.0,0.0,0.0,0.0,0.0,0.0,0.0,0.0,0.0,0.0,0.0,0.0,0.0,0.0,0.0,0.0,0.0,0.0,0.0,0.0,0.0,0.0
C,3024408,          Syntrophobacteria,0.0,0.0,0.0,0.0,0.0,0.0,0.0,0.0,0.0,0.01,0.01,0.01,0.02,0.02,0.02,0.0,0.0,0.0,0.0,0.0,0.0,0.0,0.0,0.0,0.0,0.0,0.0,0.0,0.0,0.0,0.0,0.0,0.0,0.0,0.0,0.0,0.0,0.0,0.01,0.0,0.0,0.0,0.0
O,3024411,            Desulfobulbales,0.0,0.0,0.0,0.0,0.0,0.0,0.0,0.0,0.0,0.0,0.0,0.0,0.01,0.01,0.02,0.0,,0.0,0.0,0.0,,0.0,0.0,0.0,0.0,0.0,0.0,0.0,0.0,0.0,0.0,0.0,0.0,0.0,0.0,0.0,0.0,0.0,0.0,0.0,0.0,0.0,0.0
C,3024418,          Desulfobacteria,0.0,0.0,0.0,0.0,0.01,0.01,0.01,0.01,0.0,0.01,0.01,0.01,0.05,0.06,0.05,0.0,0.0,0.0,0.0,0.0,0.0,0.0,0.0,0.0,0.0,0.0,0.0,0.0,0.0,0.0,0.0,0.0,0.0,0.0,0.01,0.01,0.01,0.01,0.01,0.0,0.0,0.0,0.0
P,3027942,        Thermomicrobiota,0.0,0.0,0.0,0.0,0.0,0.0,0.0,0.0,0.0,0.0,0.0,0.0,0.0,0.0,0.0,0.0,0.0,0.0,0.0,0.0,0.0,0.0,0.0,0.0,0.0,0.0,0.0,0.0,0.0,0.0,0.0,0.0,0.0,0.0,0.0,0.0,0.0,0.0,0.0,0.0,0.0,0.0,0.0
C,3028117,            Cyanophyceae,0.09,0.08,0.12,0.15,0.2,0.2,0.16,0.19,0.21,0.31,0.28,0.28,0.64,0.67,0.67,0.06,0.06,0.06,0.13,0.14,0.14,0.14,0.14,0.14,0.19,0.19,0.18,0.06,0.06,0.08,0.12,0.11,0.14,0.15,0.16,0.15,0.19,0.19,0.2,0.13,0.13,0.12,0.14
C,3031418,          Bdellovibrionia,0.0,0.0,0.0,0.0,0.0,0.0,0.0,0.0,0.0,0.0,0.0,0.0,0.0,0.0,0.0,0.0,0.0,0.0,0.0,0.0,0.0,0.0,0.0,0.0,0.0,0.0,0.0,0.0,0.0,0.0,0.0,0.0,0.0,0.0,0.0,0.0,0.0,0.0,0.0,0.0,0.0,0.0,0.0
C,3031419,          Bacteriovoracia,0.0,0.0,0.0,0.0,0.0,0.0,0.0,0.0,0.0,0.0,0.0,0.0,0.0,0.0,0.0,0.0,0.0,0.0,0.0,0.0,0.0,0.0,0.0,0.0,0.0,0.0,0.0,0.0,0.0,0.0,0.0,0.0,0.0,0.0,0.0,0.0,0.0,,0.0,0.0,0.0,0.0,0.0
C,3031449,          Desulfovibrionia,0.0,0.0,0.0,0.01,0.0,0.02,0.03,0.02,0.01,0.01,0.01,0.02,0.08,0.08,0.07,0.0,0.0,0.0,0.0,0.0,0.0,0.0,0.0,0.01,0.01,0.01,0.0,0.0,0.0,0.01,0.01,0.0,0.01,0.01,0.01,0.01,0.01,0.01,0.01,0.0,0.0,0.0,0.01
C,3031450,          Candidatus Desulfofervidia,,,,,0.0,,,,,,,,0.0,0.0,0.0,,,,,,,,,,,,,,,0.0,,,,0.0,,0.0,0.0,,,,,,0.0
C,3031451,          Desulfobulbia,0.0,0.0,0.0,0.0,0.0,0.0,0.0,0.0,0.0,0.0,0.0,0.0,0.01,0.01,0.02,0.0,,0.0,0.0,0.0,,0.0,0.0,0.0,0.0,0.0,0.0,0.0,0.0,0.0,0.0,0.0,0.0,0.0,0.0,0.0,0.0,0.0,0.0,0.0,0.0,0.0,0.0
O,3031460,            Candidatus Desulfofervidales,,,,,0.0,,,,,,,,0.0,0.0,0.0,,,,,,,,,,,,,,,0.0,,,,0.0,,0.0,0.0,,,,,,0.0
C,3031646,          Desulfarculia,,0.0,0.0,0.0,0.0,0.0,0.0,0.0,0.0,0.0,0.0,0.0,0.01,0.01,0.01,0.0,0.0,0.0,0.0,0.0,,0.0,,0.0,0.0,0.0,0.0,0.0,0.0,0.0,0.0,0.0,0.0,0.0,0.0,0.0,0.0,0.0,0.0,0.0,0.0,0.0,0.0
C,3031647,          Desulfobaccia,0.0,0.0,0.0,0.0,0.0,0.0,0.0,0.0,0.0,0.0,0.0,,0.0,0.0,0.0,,0.0,0.0,0.0,0.0,,0.0,0.0,0.0,0.0,0.0,0.0,0.0,0.0,0.0,0.0,0.0,0.0,0.0,0.0,0.0,0.0,0.0,0.0,0.0,0.0,0.0,0.0
C,3031648,          Syntrophia,0.0,0.0,0.0,0.0,0.0,0.0,0.0,0.0,0.0,0.0,0.0,0.0,0.01,0.0,0.0,0.0,0.0,0.0,0.0,0.0,0.0,0.0,0.0,0.0,0.0,0.0,0.0,0.0,0.0,0.0,0.0,0.0,0.0,0.0,0.0,0.0,0.0,0.0,0.0,0.0,0.0,0.0,0.0
C,3031650,          Desulfomonilia,0.0,0.0,0.0,0.0,0.0,0.0,0.0,0.0,0.0,0.0,0.0,0.0,0.0,0.0,0.0,0.0,0.0,,0.0,0.0,0.0,0.0,0.0,0.0,0.0,0.0,0.0,0.0,0.0,0.0,0.0,0.0,0.0,0.0,0.0,0.0,0.0,0.0,0.0,0.0,0.0,0.0,0.0
C,3031651,          Desulfuromonadia,0.01,0.01,0.01,0.02,0.05,0.05,0.06,0.03,0.05,0.04,0.07,0.05,0.16,0.2,0.16,0.0,0.0,0.0,0.02,0.01,0.01,0.02,0.02,0.01,0.02,0.03,0.01,0.0,0.01,0.01,0.02,0.01,0.02,0.02,0.03,0.02,0.03,0.03,0.04,0.02,0.01,0.01,0.03
O,3031655,            Desulfobaccales,0.0,0.0,0.0,0.0,0.0,0.0,0.0,0.0,0.0,0.0,0.0,,0.0,0.0,0.0,,0.0,0.0,0.0,0.0,,0.0,0.0,0.0,0.0,0.0,0.0,0.0,0.0,0.0,0.0,0.0,0.0,0.0,0.0,0.0,0.0,0.0,0.0,0.0,0.0,0.0,0.0
O,3031657,            Desulfomonilales,0.0,0.0,0.0,0.0,0.0,0.0,0.0,0.0,0.0,0.0,0.0,0.0,0.0,0.0,0.0,0.0,0.0,,0.0,0.0,0.0,0.0,0.0,0.0,0.0,0.0,0.0,0.0,0.0,0.0,0.0,0.0,0.0,0.0,0.0,0.0,0.0,0.0,0.0,0.0,0.0,0.0,0.0
O,3031668,            Geobacterales,0.0,0.0,0.01,0.01,0.02,0.02,0.02,0.02,0.02,0.02,0.03,0.02,0.09,0.08,0.09,0.0,0.0,0.0,0.01,0.01,0.0,0.01,0.01,0.0,0.01,0.01,0.01,0.0,0.0,0.01,0.01,0.0,0.01,0.01,0.01,0.01,0.02,0.02,0.02,0.01,0.01,0.0,0.01
P1,3031711,          Polyangia,0.01,0.01,0.01,0.03,0.03,0.03,0.04,0.03,0.02,0.04,0.05,0.05,0.12,0.12,0.11,0.0,0.0,0.0,0.02,0.02,0.02,0.02,0.02,0.02,0.03,0.03,0.03,0.01,0.01,0.01,0.02,0.01,0.02,0.02,0.02,0.02,0.04,0.03,0.04,0.01,0.02,0.01,0.02
O,3031712,            Polyangiales,0.01,0.01,0.01,0.02,0.02,0.02,0.03,0.03,0.02,0.03,0.04,0.04,0.09,0.09,0.09,0.0,0.0,0.0,0.02,0.01,0.01,0.01,0.01,0.01,0.02,0.02,0.02,0.0,0.0,0.01,0.02,0.01,0.01,0.02,0.02,0.02,0.03,0.02,0.03,0.01,0.01,0.01,0.02
O,3031713,            Nannocystales,0.0,0.0,0.0,0.0,0.0,0.0,0.0,0.0,0.0,0.0,0.0,0.0,0.0,0.0,0.0,0.0,0.0,0.0,0.0,0.0,0.0,0.0,0.0,0.0,0.0,0.0,0.0,0.0,0.0,0.0,0.0,0.0,0.0,0.0,0.0,0.0,0.0,0.0,0.0,0.0,0.0,0.0,0.0
O,3031714,            Haliangiales,0.0,0.0,0.0,0.01,0.01,0.0,0.01,0.01,0.0,0.01,0.01,0.01,0.02,0.02,0.02,0.0,0.0,0.0,0.0,0.0,0.0,0.0,0.0,0.0,0.01,0.01,0.01,0.0,0.0,0.0,0.0,0.0,0.0,0.0,0.0,0.0,0.0,0.01,0.01,0.0,0.0,0.0,0.0
C,3031852,          Epsilonproteobacteria,0.0,0.0,0.0,0.0,0.01,0.01,0.01,0.0,0.0,0.0,0.0,0.0,0.01,0.01,0.01,0.0,0.0,0.0,0.0,0.0,0.0,0.0,0.0,0.0,0.0,0.0,0.0,0.0,0.0,0.0,0.0,0.0,0.0,0.0,0.0,0.0,0.0,0.0,0.0,0.0,0.0,0.0,0.0
O,3039167,            Neomorellales,,0.0,,,,,,0.0,,,,,0.0,0.0,0.0,,,,0.0,,,,,,0.0,0.0,,,,0.0,,,,,,,0.0,,,,,,
C,3039863,            Candidatus Cloacimonadia,,,,,,,,,,,,,,,,,,,,,,,,0.0,,,,,,,,,,,,,,,,,,,
O,3039864,              Candidatus Cloacimonadales,,,,,,,,,,,,,,,,,,,,,,,,0.0,,,,,,,,,,,,,,,,,,,
O,3039985,              Nodosilineales,,,0.0,,,0.0,0.0,,,,0.0,0.0,0.0,0.0,,0.0,,,0.0,,,0.0,,,,,,,0.0,0.0,0.0,,,0.0,0.0,0.0,,0.0,0.0,0.0,,0.0,
O,3060226,            Steroidobacterales,0.01,0.01,0.01,0.04,0.04,0.04,0.09,0.07,0.03,0.08,0.1,0.09,0.16,0.14,0.15,0.0,0.0,0.0,0.03,0.02,0.02,0.03,0.03,0.03,0.03,0.04,0.03,0.0,0.0,0.01,0.05,0.04,0.06,0.04,0.06,0.06,0.07,0.07,0.08,0.02,0.02,0.03,0.05
O,3071001,            Caldicellulosiruptorales,,,,,0.0,,,,,,,,,,,,,,,,,,,,,,,,,,,,,,,,,,,,,,
O,3079744,              Acaryochloridales,0.0,0.0,0.0,0.0,0.0,0.0,0.0,0.0,0.0,0.0,0.0,0.0,0.0,0.0,0.0,,,0.0,0.0,,0.0,,0.0,0.0,0.0,,0.0,0.0,0.0,,0.0,,0.0,0.0,0.0,0.0,,0.0,0.0,0.0,0.0,0.0,0.0
O,3079748,              Oculatellales,0.0,,0.01,,0.01,0.01,0.0,0.01,0.01,0.01,0.01,0.01,0.01,0.03,0.02,0.0,0.01,0.0,0.0,0.0,0.0,0.0,0.0,0.0,0.01,0.01,0.01,0.0,0.0,0.0,0.0,0.0,0.0,0.0,0.0,0.0,0.0,0.01,0.01,0.01,0.0,0.01,0.01
O,3079749,              Leptolyngbyales,0.03,0.03,0.03,0.08,0.09,0.09,0.07,0.07,0.07,0.1,0.11,0.1,0.13,0.14,0.14,0.01,0.01,0.01,0.05,0.05,0.05,0.04,0.04,0.04,0.05,0.05,0.05,0.01,0.01,0.01,0.03,0.03,0.03,0.03,0.03,0.04,0.04,0.04,0.04,0.04,0.04,0.02,0.03
O,3079751,              Geitlerinematales,,,,,,,,,,,,,0.0,0.0,,,,,,,,,,,,,,,,,,,,,,,,,0.0,,,,0.0
O,3079753,              Coleofasciculales,,,0.0,0.0,0.0,0.0,0.0,0.0,0.0,,0.0,,0.0,0.0,0.0,0.0,0.0,,,,,0.0,0.0,0.0,0.0,,,,0.0,0.0,0.0,,0.0,0.0,0.0,0.0,0.0,0.0,0.0,0.0,,0.0,0.0
O,3079757,              Gomontiellales,0.0,0.0,0.0,0.0,0.0,0.0,0.0,0.01,0.01,0.01,0.01,0.01,0.02,0.02,0.02,0.0,0.0,0.0,0.0,0.0,0.01,0.0,0.01,0.0,0.01,0.01,0.0,0.0,0.0,0.0,0.0,0.0,0.0,0.01,0.01,0.01,0.01,0.01,0.01,0.0,0.01,0.0,0.0
O,3082720,            Peptostreptococcales,0.0,0.0,0.0,0.0,0.01,0.0,0.0,0.01,0.01,0.01,0.01,0.01,0.03,0.02,0.03,0.0,0.0,0.0,0.0,0.0,0.0,0.0,0.0,0.0,0.0,0.01,0.01,0.0,0.0,0.0,0.0,0.0,0.0,0.0,0.0,0.0,0.0,0.0,0.0,0.0,0.0,0.0,0.0
O,3084968,            Thiohalomonadales,0.0,0.0,0.0,0.0,0.01,0.01,0.01,0.01,0.0,0.02,0.02,0.01,0.04,0.03,0.03,0.0,0.0,0.0,0.0,0.0,0.0,0.0,0.0,0.0,0.0,0.0,0.0,0.0,0.0,0.0,0.01,0.0,0.0,0.0,0.0,0.0,0.01,0.01,0.01,0.0,0.0,0.0,0.01
O,3085098,            Candidatus Promineifilales,0.0,0.0,0.0,0.0,0.0,0.0,0.0,0.0,0.0,0.0,0.0,0.0,0.0,0.0,0.0,0.0,0.0,0.0,0.0,0.0,0.0,0.0,0.0,0.0,0.0,0.0,0.0,0.0,0.0,0.0,0.0,0.0,0.0,0.0,0.0,0.0,0.0,0.0,0.0,0.0,0.0,0.0,0.0
O,3085109,            Thiohalobacterales,0.0,0.0,0.0,0.0,0.0,0.0,0.0,0.0,0.0,0.0,0.0,0.0,0.0,0.0,0.0,0.0,0.0,0.0,0.0,0.0,0.0,0.0,0.0,0.0,0.0,0.0,0.0,0.0,0.0,0.0,0.0,0.0,0.0,0.0,0.0,0.0,0.0,0.0,0.0,0.0,0.0,0.0,0.0
O,3085636,            Lachnospirales,0.0,0.0,0.01,0.01,0.01,0.01,0.01,0.01,0.01,0.01,0.01,0.01,0.02,0.02,0.01,0.0,0.0,0.0,0.0,0.0,0.0,0.0,0.0,0.0,0.01,0.01,0.01,0.0,0.0,0.0,0.0,0.0,0.01,0.0,0.0,0.0,0.0,0.0,0.0,0.0,0.0,0.03,0.0
O,3104269,            Woeseiales,0.0,0.0,0.0,0.0,0.0,0.0,0.0,0.0,0.0,0.0,0.0,0.0,0.0,0.0,0.0,0.0,0.0,0.0,0.0,0.0,0.0,0.0,0.0,0.0,0.0,0.0,0.0,0.0,0.0,0.0,0.0,0.0,0.0,0.0,0.0,0.0,0.0,0.0,0.0,0.0,0.0,0.0,0.0
O,3108222,            Geminicoccales,0.02,0.02,0.02,0.01,0.01,0.01,0.03,0.02,0.03,0.03,0.04,0.03,0.08,0.02,0.05,0.01,0.01,0.01,0.01,0.01,0.01,0.01,0.01,0.01,0.02,0.02,0.02,0.01,0.0,0.01,0.01,0.01,0.01,0.01,0.01,0.01,0.02,0.01,0.01,0.01,0.01,0.01,0.01
C,3118669,          Magnetococcia,,0.0,,,,,,,,0.0,,,,,,,,,,,,,,,,,,,,,0.0,0.0,,,,,,,,0.0,,,
C,3120113,                Minisyncoccia,,,,,,,,,,,,,,0.0,,,,,,,,,,,,,,,,,,,,,,,,,,,,,
O,3120114,                  Minisyncoccales,,,,,,,,,,,,,,0.0,,,,,,,,,,,,,,,,,,,,,,,,,,,,,
O,3120395,            Acetobacterales,0.02,0.02,0.02,0.01,0.02,0.02,0.03,0.02,0.02,0.02,0.03,0.03,0.11,0.09,0.11,0.01,0.01,0.01,0.01,0.01,0.02,0.01,0.01,0.01,0.01,0.01,0.01,0.01,0.01,0.02,0.02,0.01,0.02,0.02,0.02,0.02,0.02,0.02,0.02,0.01,0.01,0.01,0.02
C,3121607,            Candidatus Bipolaricaulia,,,,,,0.0,0.0,,,,0.0,,0.0,0.0,0.0,,,,,,,0.0,,,0.0,0.0,,0.0,,,,,,,,,,,,,,0.0,
O,3121608,              Candidatus Bipolaricaulales,,,,,,0.0,0.0,,,,0.0,,0.0,0.0,0.0,,,,,,,0.0,,,0.0,0.0,,0.0,,,,,,,,,,,,,,0.0,
O,3139175,            Candidatus Chloroheliales,,,,,0.0,,,0.0,,0.0,,,0.0,0.0,0.0,,,,,,,,,,0.0,,0.0,,,,0.0,,,0.0,0.0,,,0.0,,,,,
O,3143247,              Candidatus Lucifugimonadales,,,,,,,,,,,,,,0.0,,,,,,,,,,,,,,,,0.0,,,,,,,,,,,,,
K,3366610,      Methanobacteriati,0.0,0.0,0.0,0.0,0.0,0.0,0.0,0.0,0.0,0.0,0.01,0.0,0.01,0.01,0.01,0.0,0.0,0.0,0.0,0.0,0.0,0.0,0.0,0.0,0.0,0.0,0.0,0.0,0.0,0.0,0.0,0.0,0.0,0.0,0.0,0.0,0.0,0.0,0.0,0.0,0.0,0.0,0.0
P,3366641,        Promethearchaeota,,,,,,,,,,,,,0.0,,,,,,,,,,,,,,,,,,,,,,,,,,,,,,
C,3366642,          Promethearchaeia,,,,,,,,,,,,,0.0,,,,,,,,,,,,,,,,,,,,,,,,,,,,,,
O,3366643,            Promethearchaeales,,,,,,,,,,,,,0.0,,,,,,,,,,,,,,,,,,,,,,,,,,,,,,
O,3373481,            Nitrosotaleales,,,,0.02,,,,,,,,,,,,,,,,,,,,,,,,,,,,,,,,,0.0,,,,,,
C,3377525,            Fidelibacteria,,,0.0,0.0,0.0,,,0.0,,0.0,0.0,,0.0,0.0,0.0,,0.0,,0.0,0.0,0.0,0.0,0.0,,,0.0,0.0,,,,0.0,0.0,,0.0,,,,0.0,,,0.0,0.0,
O,3377526,              Fidelibacterales,,,0.0,0.0,0.0,,,0.0,,0.0,0.0,,0.0,0.0,0.0,,0.0,,0.0,0.0,0.0,0.0,0.0,,,0.0,0.0,,,,0.0,0.0,,0.0,,,,0.0,,,0.0,0.0,
K,3379134,      Pseudomonadati,90.65,89.02,88.47,92.39,92.95,93.04,91.05,92.48,94.17,91.28,91.07,90.78,82.13,82.62,83.41,90.89,92.48,90.93,94.02,95.09,96.18,95.48,95.82,96.46,94.83,94.74,95.22,82.38,83.56,83.45,92.77,95.06,94.49,94.13,94.38,94.13,93.33,93.47,93.37,94.75,94.33,93.47,92.42
O,3381667,              Gaopeijiales,0.0,0.0,0.0,0.0,0.0,0.0,0.0,0.0,0.0,0.0,0.0,0.0,0.0,0.0,0.0,0.0,0.0,0.0,0.0,0.0,0.0,0.0,0.0,0.0,0.0,0.0,0.0,0.0,0.0,0.0,0.0,0.0,0.0,0.0,0.0,0.0,0.0,0.0,0.0,0.0,0.0,0.0,0.0
K,3384189,      Fusobacteriati,0.0,0.0,0.0,0.0,0.0,0.0,0.0,0.0,0.0,0.0,0.0,0.0,0.0,0.0,0.0,0.0,0.0,0.0,,0.0,0.0,0.0,0.0,0.0,0.0,0.0,0.0,0.0,0.0,0.0,0.0,,0.0,0.0,0.0,,0.0,0.0,,0.0,0.0,0.0,0.0
K,3384194,      Thermotogati,0.21,0.25,0.22,0.01,0.01,0.01,0.01,0.01,0.01,0.01,0.01,0.01,0.04,0.03,0.03,0.12,0.12,0.12,0.02,0.01,0.0,0.01,0.01,0.01,0.01,0.0,0.0,0.12,0.11,0.13,0.04,0.02,0.01,0.02,0.01,0.01,0.01,0.01,0.01,0.02,0.02,0.04,0.04
O,3399777,            Candidatus Thermobaculales,,,,,,,,,,,0.0,,,0.0,0.0,,,,,,,,,,,,,,,,,,,,,,,,,,,,
R2,3403061,    Viruses incertae sedis,0.0,,0.0,,,,,0.0,,,,,,0.0,0.0,,,,,0.0,,0.0,,,,,,,,,,,,,,,0.0,,,,,,
O,3444225,              Kolteriales,0.0,0.0,0.0,0.0,0.0,0.0,0.0,0.0,0.0,0.0,0.0,0.0,0.0,0.0,0.0,0.0,,0.0,0.0,0.0,,0.0,0.0,,0.0,0.0,0.0,0.0,,,0.0,0.0,0.0,0.0,0.0,,0.0,0.0,,,0.0,0.0,0.0
